<?xml version="1.0" encoding="UTF-8"?>
<jcr:root xmlns:sling="http://sling.apache.org/jcr/sling/1.0" xmlns:cq="http://www.day.com/jcr/cq/1.0" xmlns:jcr="http://www.jcp.org/jcr/1.0" xmlns:nt="http://www.jcp.org/jcr/nt/1.0"
    jcr:primaryType="nt:unstructured"
    jcr:title="Anchors List"
    sling:resourceType="cq/gui/components/authoring/dialog">
    <content
        jcr:primaryType="nt:unstructured"
        sling:resourceType="granite/ui/components/coral/foundation/container">
        <items jcr:primaryType="nt:unstructured">
            <tabs
                jcr:primaryType="nt:unstructured"
                sling:resourceType="granite/ui/components/coral/foundation/tabs"
                maximized="{Boolean}true">
                <items jcr:primaryType="nt:unstructured">
                    <properties
                        jcr:primaryType="nt:unstructured"
                        jcr:title="Properties"
                        sling:resourceType="granite/ui/components/coral/foundation/container"
                        margin="{Boolean}true">
                        <items jcr:primaryType="nt:unstructured">
                            <columns
                                jcr:primaryType="nt:unstructured"
                                sling:resourceType="granite/ui/components/coral/foundation/fixedcolumns"
                                margin="{Boolean}true">
                                <items jcr:primaryType="nt:unstructured">
                                    <column
                                        jcr:primaryType="nt:unstructured"
                                        sling:resourceType="granite/ui/components/coral/foundation/container">
                                        <items jcr:primaryType="nt:unstructured">
                                            <name
                                                jcr:primaryType="nt:unstructured"
                                                sling:resourceType="granite/ui/components/coral/foundation/form/textfield"
                                                fieldLabel="Title"
                                                fieldDescription="Enter the title"
                                                emptyText="Title"
                                                name="./title"
                                                required="{Boolean}true"/>
                                            <type
                                                jcr:primaryType="nt:unstructured"
                                                sling:resourceType="granite/ui/components/coral/foundation/form/select"
                                                fieldLabel="List Type"
                                                name="./listType">
                                                <items jcr:primaryType="nt:unstructured">
                                                    <Numbered
                                                        jcr:primaryType="nt:unstructured"
                                                        text="Numbered List"
                                                        value="ol"/>
                                                    <Nonumbered
                                                        jcr:primaryType="nt:unstructured"
                                                        text="Unnumbered List"
                                                        value="ul"/>
                                                </items>
                                            </type>
                                        </items>
                                    </column>
                                </items>
                            </columns>
                        </items>
                    </properties>
					<elements
                        jcr:primaryType="nt:unstructured"
                        jcr:title="Items"
                        sling:resourceType="granite/ui/components/coral/foundation/container"
                        margin="{Boolean}true">
                        <items jcr:primaryType="nt:unstructured">
                            <columns
                                jcr:primaryType="nt:unstructured"
                                sling:resourceType="granite/ui/components/coral/foundation/fixedcolumns"
                                margin="{Boolean}true">
                                <items jcr:primaryType="nt:unstructured">
                                    <column
                                        jcr:primaryType="nt:unstructured"
                                        sling:resourceType="granite/ui/components/coral/foundation/container">
                                        <items jcr:primaryType="nt:unstructured">
                                            <links
                                                jcr:primaryType="nt:unstructured"
                                                jcr:title="Elements"
                                                sling:resourceType="/libs/granite/ui/components/coral/foundation/form/multifield"
                                                composite="{Boolean}true"
                                                fieldDescription="Please add items"
                                                fieldLabel="Elements">
                                                <field
                                                    jcr:primaryType="nt:unstructured"
                                                    sling:resourceType="granite/ui/components/coral/foundation/container"
                                                    name="./items">
                                                    <items jcr:primaryType="nt:unstructured">
														<well
															jcr:primaryType="nt:unstructured"
															sling:resourceType="granite/ui/components/coral/foundation/well">
															<items jcr:primaryType="nt:unstructured">
																<column
																	jcr:primaryType="nt:unstructured"
																	sling:resourceType="granite/ui/components/coral/foundation/container">
																	<items jcr:primaryType="nt:unstructured">
																		<text
																			jcr:primaryType="nt:unstructured"
																			sling:resourceType="granite/ui/components/coral/foundation/form/textfield"
																			fieldDescription="Please enter text"
																			fieldLabel="Text"
																			name="./text"/>
																		<link
																			jcr:primaryType="nt:unstructured"
																			sling:resourceType="granite/ui/components/coral/foundation/form/textfield"
																			fieldDescription="Please enter anchor"
																			fieldLabel="Anchor"
																			name="./anchor"/>
																	</items>
																</column>
															</items>
														</well>
                                                    </items>
                                                </field>
                                            </links>
                                        </items>
                                    </column>
                                </items>
                            </columns>
                        </items>
                    </elements>
                </items>
            </tabs>
        </items>
    </content>
</jcr:root>
