<?xml version="1.0" encoding="UTF-8"?>
<jcr:root xmlns:cq="http://www.day.com/jcr/cq/1.0"
	xmlns:jcr="http://www.jcp.org/jcr/1.0"
	xmlns:nt="http://www.jcp.org/jcr/nt/1.0"
	xmlns:sling="http://sling.apache.org/jcr/sling/1.0"
	xmlns:granite="http://www.adobe.com/jcr/granite/1.0"
	jcr:primaryType="nt:unstructured"
	jcr:title="ZEC"
	sling:resourceType="cq/gui/components/authoring/dialog">
	<content jcr:primaryType="nt:unstructured"
		sling:resourceType="granite/ui/components/foundation/container">
		<items jcr:primaryType="nt:unstructured">
			<tabs
                jcr:primaryType="nt:unstructured"
                sling:resourceType="granite/ui/components/coral/foundation/tabs"
                maximized="{Boolean}true">
                <items jcr:primaryType="nt:unstructured">
                    <properties
                        jcr:primaryType="nt:unstructured"
                        jcr:title="Properties"
                        sling:resourceType="granite/ui/components/coral/foundation/container"
                        margin="{Boolean}true">
                        <items jcr:primaryType="nt:unstructured">
                            <columns
                                jcr:primaryType="nt:unstructured"
                                sling:resourceType="granite/ui/components/coral/foundation/fixedcolumns"
                                margin="{Boolean}true">
                                <items jcr:primaryType="nt:unstructured">
                                    <column
                                        jcr:primaryType="nt:unstructured"
                                        sling:resourceType="granite/ui/components/coral/foundation/container">
                                        <items jcr:primaryType="nt:unstructured">
											<competentAdmin
												jcr:primaryType="nt:unstructured"
												sling:resourceType="cq/gui/components/coral/common/form/tagfield"
												allowBulkEdit="{Boolean}true"
												autocreateTag="{Boolean}true"
												fieldLabel="Competent Admin"
												multiple="{Boolean}false"
												name="./competentAdmin"
												required="{Boolean}true">
												<granite:data
													jcr:primaryType="nt:unstructured"
													cq-msm-lockable="cq:tags"/>
											</competentAdmin>
											<code
												fieldLabel="Code"
												name="./code"
												jcr:primaryType="nt:unstructured"
												sling:resourceType="granite/ui/components/coral/foundation/form/textfield"
												required="{Boolean}true"/>
											<type
												jcr:primaryType="nt:unstructured"
												sling:resourceType="cq/gui/components/coral/common/form/tagfield"
												allowBulkEdit="{Boolean}true"
												autocreateTag="{Boolean}true"
												fieldLabel="Type"
												multiple="{Boolean}false"
												name="./type"
												required="{Boolean}true">
												<granite:data
													jcr:primaryType="nt:unstructured"
													cq-msm-lockable="cq:tags"/>
											</type>
											<name
												fieldLabel="Name"
												name="./name"
												jcr:primaryType="nt:unstructured"
												sling:resourceType="granite/ui/components/coral/foundation/form/textfield"
												required="{Boolean}true"/>
											<managementPlan
												jcr:primaryType="nt:unstructured"
												sling:resourceType="granite/ui/components/coral/foundation/form/textfield"
												fieldLabel="Management Plan"
												name="./managementPlan"/>
										</items>
                                    </column>
                                </items>
                            </columns>
                        </items>
                    </properties>
					<links
                        jcr:primaryType="nt:unstructured"
                        jcr:title="Links"
                        sling:resourceType="granite/ui/components/coral/foundation/container"
                        margin="{Boolean}true">
                        <items jcr:primaryType="nt:unstructured">
                            <columns
                                jcr:primaryType="nt:unstructured"
                                sling:resourceType="granite/ui/components/coral/foundation/fixedcolumns"
                                margin="{Boolean}true">
                                <items jcr:primaryType="nt:unstructured">
                                    <column
                                        jcr:primaryType="nt:unstructured"
                                        sling:resourceType="granite/ui/components/coral/foundation/container">
                                        <items jcr:primaryType="nt:unstructured">
											<link1
												jcr:primaryType="nt:unstructured"
												sling:resourceType="granite/ui/components/coral/foundation/well">
												<items jcr:primaryType="nt:unstructured">
													<url1
														fieldLabel="URL 1"
														name="./url1"
														rootPath="/content"
														useFixedInlineToolbar="{Boolean}true"
														jcr:primaryType="nt:unstructured"
														sling:resourceType="granite/ui/components/coral/foundation/form/pathfield"/>
													<target1
														fieldLabel="Link Target 1"
														name="./target1"
														jcr:primaryType="nt:unstructured"
														sling:resourceType="granite/ui/components/coral/foundation/form/select">
														<items jcr:primaryType="nt:unstructured">
															<self
																selected="{Boolean}true"
																text="Same Tab/Window"
																value="_self"
																jcr:primaryType="nt:unstructured"/>
															<blank
																text="New Tab/Window"
																value="_blank"
																jcr:primaryType="nt:unstructured"/>
														</items>
													</target1>
												</items>
											</link1>
											<link2
												jcr:primaryType="nt:unstructured"
												sling:resourceType="granite/ui/components/coral/foundation/well">
												<items jcr:primaryType="nt:unstructured">
													<url2
														fieldLabel="URL 2"
														name="./url2"
														rootPath="/content"
														useFixedInlineToolbar="{Boolean}true"
														jcr:primaryType="nt:unstructured"
														sling:resourceType="granite/ui/components/coral/foundation/form/pathfield"/>
													<target2
														fieldLabel="Link Target 2"
														name="./target2"
														jcr:primaryType="nt:unstructured"
														sling:resourceType="granite/ui/components/coral/foundation/form/select">
														<items jcr:primaryType="nt:unstructured">
															<self
																selected="{Boolean}true"
																text="Same Tab/Window"
																value="_self"
																jcr:primaryType="nt:unstructured"/>
															<blank
																text="New Tab/Window"
																value="_blank"
																jcr:primaryType="nt:unstructured"/>
														</items>
													</target2>
												</items>
											</link2>
											<link3
												jcr:primaryType="nt:unstructured"
												sling:resourceType="granite/ui/components/coral/foundation/well">
												<items jcr:primaryType="nt:unstructured">
													<url3
														fieldLabel="URL 3"
														name="./url3"
														rootPath="/content"
														useFixedInlineToolbar="{Boolean}true"
														jcr:primaryType="nt:unstructured"
														sling:resourceType="granite/ui/components/coral/foundation/form/pathfield"/>
													<target3
														fieldLabel="Link Target 3"
														name="./target3"
														jcr:primaryType="nt:unstructured"
														sling:resourceType="granite/ui/components/coral/foundation/form/select">
														<items jcr:primaryType="nt:unstructured">
															<self
																selected="{Boolean}true"
																text="Same Tab/Window"
																value="_self"
																jcr:primaryType="nt:unstructured"/>
															<blank
																text="New Tab/Window"
																value="_blank"
																jcr:primaryType="nt:unstructured"/>
														</items>
													</target3>
												</items>
											</link3>
										</items>
                                    </column>
                                </items>
                            </columns>
                        </items>
                    </links>
                </items>
			</tabs>
		</items>
	</content>
</jcr:root>
