<?xml version="1.0" encoding="UTF-8"?>
<jcr:root xmlns:sling="http://sling.apache.org/jcr/sling/1.0" xmlns:cq="http://www.day.com/jcr/cq/1.0" xmlns:jcr="http://www.jcp.org/jcr/1.0" xmlns:nt="http://www.jcp.org/jcr/nt/1.0"
	jcr:primaryType="nt:unstructured"
	jcr:title="Video"
	sling:resourceType="cq/gui/components/authoring/dialog">
	<content
		jcr:primaryType="nt:unstructured"
		sling:resourceType="granite/ui/components/coral/foundation/container">
		<items jcr:primaryType="nt:unstructured">
			<tabs
				jcr:primaryType="nt:unstructured"
				sling:resourceType="granite/ui/components/coral/foundation/tabs"
				maximized="{Boolean}true">
				<items jcr:primaryType="nt:unstructured"
					sling:hideChildren="[asset,metadata,styletab]">
					<properties
						jcr:primaryType="nt:unstructured"
						jcr:title="Properties"
						sling:resourceType="granite/ui/components/coral/foundation/container"
						margin="{Boolean}true">
						<items jcr:primaryType="nt:unstructured">
							<columns
								jcr:primaryType="nt:unstructured"
								sling:resourceType="granite/ui/components/coral/foundation/fixedcolumns"
								margin="{Boolean}true">
								<items jcr:primaryType="nt:unstructured">
									<column
										jcr:primaryType="nt:unstructured"
										sling:resourceType="granite/ui/components/coral/foundation/container">
										<items jcr:primaryType="nt:unstructured">
											<videoPath
												class="cq-droptarget"
												jcr:primaryType="nt:unstructured"
												sling:resourceType="cq/gui/components/authoring/dialog/fileupload"
												fieldLabel="Video"
												autoStart="{Boolean}false"
												fileNameParameter="./videoFileName"
												fileReferenceParameter="./videoPath"
												mimeTypes="[video/*]"
												multiple="{Boolean}false"
												name="./videoFile"
												title="Video"
                                                uploadUrl="${suffix.path}"
                                                allowUpload="{Boolean}false"
												useHTML5="{Boolean}true"/>
											<width
												jcr:primaryType="nt:unstructured"
												sling:resourceType="granite/ui/components/coral/foundation/form/numberfield"
												fieldLabel="Width"
												min="0"
												step="1"
												name="./width"/>
											<widthRadioGroup
												jcr:primaryType="nt:unstructured"
												sling:resourceType="granite/ui/components/foundation/form/radiogroup"
												ignoreData="{Boolean}false"
												text="Width Units"
												vertical="{Boolean}false">
												<items jcr:primaryType="nt:unstructured">
													<option1
														jcr:primaryType="nt:unstructured"
														sling:resourceType="granite/ui/components/foundation/form/radio"
														checked="{Boolean}true"
														name="./widthUnit"
														text="Pixel"
														value="pixel"/>
													<option2
														jcr:primaryType="nt:unstructured"
														sling:resourceType="granite/ui/components/foundation/form/radio"
														name="./widthUnit"
														text="Percentage"
														value="percentage"/>
												</items>
											</widthRadioGroup>
											<height
												jcr:primaryType="nt:unstructured"
												sling:resourceType="granite/ui/components/coral/foundation/form/numberfield"
												fieldLabel="Height"
												min="0"
												step="1"
												name="./height"/>
											<heightRadioGroup
												jcr:primaryType="nt:unstructured"
												sling:resourceType="granite/ui/components/foundation/form/radiogroup"
												ignoreData="{Boolean}false"
												text="Height Units"
												vertical="{Boolean}false">
												<items jcr:primaryType="nt:unstructured">
													<option1
														jcr:primaryType="nt:unstructured"
														sling:resourceType="granite/ui/components/foundation/form/radio"
														checked="{Boolean}true"
														name="./heightUnit"
														text="Pixel"
														value="pixel"/>
													<option2
														jcr:primaryType="nt:unstructured"
														sling:resourceType="granite/ui/components/foundation/form/radio"
														name="./heightUnit"
														text="Percentage"
														value="percentage"/>
												</items>
											</heightRadioGroup>
											<thumbnail
												autoStart="{Boolean}false"
												class="cq-droptarget"
												fieldLabel="Thumbnail"
												fileNameParameter="./fileName"
												fileReferenceParameter="./fileReference"
												mimeTypes="[image/*,image/bmp]"
												multiple="{Boolean}false"
												name="./file"
												title="Thumbnail"
												useHTML5="{Boolean}true"
												jcr:primaryType="nt:unstructured"
												sling:resourceType="cq/gui/components/authoring/dialog/fileupload"/>
										</items>
									</column>
								</items>
							</columns>
						</items>
					</properties>
				</items>
			</tabs>
		</items>
	</content>
</jcr:root>
