<?xml version="1.0" encoding="UTF-8"?>
<jcr:root xmlns:sling="http://sling.apache.org/jcr/sling/1.0" xmlns:granite="http://www.adobe.com/jcr/granite/1.0" xmlns:cq="http://www.day.com/jcr/cq/1.0" xmlns:jcr="http://www.jcp.org/jcr/1.0" xmlns:nt="http://www.jcp.org/jcr/nt/1.0"
    jcr:primaryType="nt:unstructured"
    jcr:title="Teaser"
    sling:resourceType="cq/gui/components/authoring/dialog"
    extraClientlibs="[core.wcm.components.teaser.v2.editor,core.wcm.components.image.v3.editor]">
    <content
        granite:class="cmp-teaser__editor cmp-image__editor"
        jcr:primaryType="nt:unstructured"
        sling:resourceType="granite/ui/components/coral/foundation/container">
        <items jcr:primaryType="nt:unstructured">
            <tabs
                jcr:primaryType="nt:unstructured"
                sling:resourceType="granite/ui/components/coral/foundation/tabs">
                <items jcr:primaryType="nt:unstructured">
                    <actions
                        jcr:primaryType="nt:unstructured"
                        jcr:title="Links"
                        sling:resourceType="granite/ui/components/coral/foundation/container"
                        margin="{Boolean}true">
                        <items jcr:primaryType="nt:unstructured">
                            <columns
                                jcr:primaryType="nt:unstructured"
                                sling:resourceType="granite/ui/components/coral/foundation/fixedcolumns"
                                margin="{Boolean}true">
                                <items jcr:primaryType="nt:unstructured">
                                    <column
                                        jcr:primaryType="nt:unstructured"
                                        sling:resourceType="granite/ui/components/coral/foundation/container">
                                        <items jcr:primaryType="nt:unstructured">
                                            <link
                                                jcr:primaryType="nt:unstructured"
                                                sling:resourceType="granite/ui/components/coral/foundation/container"
                                                granite:class="">
                                                <items jcr:primaryType="nt:unstructured">
                                                    <link
														jcr:primaryType="nt:unstructured"
														jcr:title="Link Editor"
														sling:resourceType="granite/ui/components/coral/foundation/container"
														margin="{Boolean}true">
														<items jcr:primaryType="nt:unstructured">
															<url
																jcr:primaryType="nt:unstructured"
																sling:resourceType="granite/ui/components/coral/foundation/form/pathfield"
																fieldDescription="Link to a content page, external URL or page anchor."
																fieldLabel="Link"
																name="./linkURL"
																rootPath="/content">
															</url>
															<target
																jcr:primaryType="nt:unstructured"
																sling:resourceType="granite/ui/components/coral/foundation/form/checkbox"
																fieldDescription="If checked the link will be opened in a new browser tab."
																name="./linkTarget"
																text="Open link in new tab"
																uncheckedValue="_self"
																value="_blank">
															</target>
														</items>
													</link>
                                                </items>
                                            </link>
                                            <actions
                                                granite:class="foundation-toggleable cmp-teaser__editor-multifield_actions"
                                                granite:hide="${cqDesign.actionsDisabled}"
                                                jcr:primaryType="nt:unstructured"
                                                sling:resourceType="granite/ui/components/coral/foundation/form/multifield"
                                                composite="{Boolean}true"
                                                fieldDescription="Allows to link the teaser to multiple destinations. The page linked in the first call to action is used when inheriting the teaser title, description or image."
                                                fieldLabel="Call-to-actions">
                                                <field
                                                    granite:class="cmp-teaser__editor-action"
                                                    jcr:primaryType="nt:unstructured"
                                                    sling:resourceType="granite/ui/components/coral/foundation/container"
                                                    name="./actions">
                                                    <items jcr:primaryType="nt:unstructured">
                                                        <link
                                                            granite:class="cmp-teaser__editor-actionField-linkUrl"
                                                            jcr:primaryType="nt:unstructured"
                                                            sling:resourceType="granite/ui/components/coral/foundation/form/pathfield"
                                                            emptyText="Link"
                                                            name="link"
                                                            required="{Boolean}true"
                                                            rootPath="/content">
                                                            <granite:data
                                                                jcr:primaryType="nt:unstructured"
                                                                cmp-teaser-v2-dialog-edit-hook="actionLink"/>
                                                        </link>
                                                    </items>
                                                </field>
                                            </actions>
                                        </items>
                                    </column>
                                </items>
                            </columns>
                        </items>
                    </actions>
                    <text
                        jcr:primaryType="nt:unstructured"
                        jcr:title="Text"
                        sling:resourceType="granite/ui/components/coral/foundation/container"
                        margin="{Boolean}true">
                        <items jcr:primaryType="nt:unstructured">
                            <columns
                                jcr:primaryType="nt:unstructured"
                                sling:resourceType="granite/ui/components/coral/foundation/fixedcolumns"
                                margin="{Boolean}true">
                                <items jcr:primaryType="nt:unstructured">
                                    <column
                                        jcr:primaryType="nt:unstructured"
                                        sling:resourceType="granite/ui/components/coral/foundation/container">
                                        <items jcr:primaryType="nt:unstructured">
                                            <titleGroup
                                                granite:hide="${cqDesign.titleHidden}"
                                                jcr:primaryType="nt:unstructured"
                                                sling:resourceType="granite/ui/components/coral/foundation/well">
                                                <items jcr:primaryType="nt:unstructured">
                                                    <titleFromLinkedPage
                                                        jcr:primaryType="nt:unstructured"
                                                        sling:resourceType="granite/ui/components/coral/foundation/form/checkbox"
                                                        checked="{Boolean}false"
                                                        fieldDescription="When checked, populate the title with the linked page's title."
                                                        name="./titleFromPage"
                                                        text="Get title from linked page"
                                                        uncheckedValue="{Boolean}false"
                                                        value="{Boolean}true"/>
                                                </items>
                                            </titleGroup>
                                            <descriptionGroup
                                                granite:hide="${cqDesign.descriptionHidden}"
                                                jcr:primaryType="nt:unstructured"
                                                sling:resourceType="granite/ui/components/coral/foundation/well">
                                                <items jcr:primaryType="nt:unstructured">
                                                  <description
                                                        jcr:primaryType="nt:unstructured"
                                                        sling:resourceType="cq/gui/components/authoring/dialog/richtext"
                                                        fieldDescription="A description to display as the subheadline for the teaser."
                                                        fieldLabel="Description"
                                                        name="./jcr:description"
                                                        useFixedInlineToolbar="{Boolean}true">
                                                        <rtePlugins jcr:primaryType="nt:unstructured">
                                                            <format
                                                                jcr:primaryType="nt:unstructured"
                                                                features="bold,italic"/>
                                                            <justify
                                                                jcr:primaryType="nt:unstructured"
                                                                features="-"/>
                                                            <links
                                                                jcr:primaryType="nt:unstructured"
                                                                features="modifylink,unlink"/>
                                                            <lists
                                                                jcr:primaryType="nt:unstructured"
                                                                features="*"/>
                                                            <misctools jcr:primaryType="nt:unstructured">
                                                                <specialCharsConfig jcr:primaryType="nt:unstructured">
                                                                    <chars jcr:primaryType="nt:unstructured">
                                                                        <default_copyright
                                                                            jcr:primaryType="nt:unstructured"
                                                                            entity="&amp;copy;"
                                                                            name="copyright"/>
                                                                        <default_euro
                                                                            jcr:primaryType="nt:unstructured"
                                                                            entity="&amp;euro;"
                                                                            name="euro"/>
                                                                        <default_registered
                                                                            jcr:primaryType="nt:unstructured"
                                                                            entity="&amp;reg;"
                                                                            name="registered"/>
                                                                        <default_trademark
                                                                            jcr:primaryType="nt:unstructured"
                                                                            entity="&amp;trade;"
                                                                            name="trademark"/>
                                                                    </chars>
                                                                </specialCharsConfig>
                                                            </misctools>
                                                            <paraformat
                                                                jcr:primaryType="nt:unstructured"
                                                                features="*">
                                                                <formats jcr:primaryType="nt:unstructured">
                                                                    <default_p
                                                                        jcr:primaryType="nt:unstructured"
                                                                        description="Paragraph"
                                                                        tag="p"/>
                                                                    <default_h1
                                                                        jcr:primaryType="nt:unstructured"
                                                                        description="Heading 1"
                                                                        tag="h1"/>
                                                                    <default_h2
                                                                        jcr:primaryType="nt:unstructured"
                                                                        description="Heading 2"
                                                                        tag="h2"/>
                                                                    <default_h3
                                                                        jcr:primaryType="nt:unstructured"
                                                                        description="Heading 3"
                                                                        tag="h3"/>
                                                                    <default_h4
                                                                        jcr:primaryType="nt:unstructured"
                                                                        description="Heading 4"
                                                                        tag="h4"/>
                                                                    <default_h5
                                                                        jcr:primaryType="nt:unstructured"
                                                                        description="Heading 5"
                                                                        tag="h5"/>
                                                                    <default_h6
                                                                        jcr:primaryType="nt:unstructured"
                                                                        description="Heading 6"
                                                                        tag="h6"/>
                                                                    <default_blockquote
                                                                        jcr:primaryType="nt:unstructured"
                                                                        description="Quote"
                                                                        tag="blockquote"/>
                                                                    <default_pre
                                                                        jcr:primaryType="nt:unstructured"
                                                                        description="Preformatted"
                                                                        tag="pre"/>
                                                                </formats>
                                                            </paraformat>
                                                            <table
                                                                jcr:primaryType="nt:unstructured"
                                                                features="-">
                                                                <hiddenHeaderConfig
                                                                    jcr:primaryType="nt:unstructured"
                                                                    hiddenHeaderClassName="cq-wcm-foundation-aria-visuallyhidden"
                                                                    hiddenHeaderEditingCSS="cq-RichText-hiddenHeader--editing"/>
                                                            </table>
                                                            <tracklinks
                                                                jcr:primaryType="nt:unstructured"
                                                                features="*"/>
                                                        </rtePlugins>
                                                        <uiSettings jcr:primaryType="nt:unstructured">
                                                            <cui jcr:primaryType="nt:unstructured">
                                                                <inline
                                                                    jcr:primaryType="nt:unstructured"
                                                                    toolbar="[format#bold,format#italic,format#underline,#justify,#lists,links#modifylink,links#unlink,#paraformat]">
                                                                    <popovers jcr:primaryType="nt:unstructured">
                                                                        <justify
                                                                            jcr:primaryType="nt:unstructured"
                                                                            items="[justify#justifyleft,justify#justifycenter,justify#justifyright]"
                                                                            ref="justify"/>
                                                                        <lists
                                                                            jcr:primaryType="nt:unstructured"
                                                                            items="[lists#unordered,lists#ordered,lists#outdent,lists#indent]"
                                                                            ref="lists"/>
                                                                        <paraformat
                                                                            jcr:primaryType="nt:unstructured"
                                                                            items="paraformat:getFormats:paraformat-pulldown"
                                                                            ref="paraformat"/>
                                                                    </popovers>
                                                                </inline>
                                                                <dialogFullScreen
                                                                    jcr:primaryType="nt:unstructured"
                                                                    toolbar="[format#bold,format#italic,format#underline,justify#justifyleft,justify#justifycenter,justify#justifyright,lists#unordered,lists#ordered,lists#outdent,lists#indent,links#modifylink,links#unlink,table#createoredit,#paraformat,image#imageProps]">
                                                                    <popovers jcr:primaryType="nt:unstructured">
                                                                        <paraformat
                                                                            jcr:primaryType="nt:unstructured"
                                                                            items="paraformat:getFormats:paraformat-pulldown"
                                                                            ref="paraformat"/>
                                                                    </popovers>
                                                                </dialogFullScreen>
                                                                </cui>
                                                        </uiSettings>
                                                    </description>
                                                    <descriptionFromLinkedPage
                                                        jcr:primaryType="nt:unstructured"
                                                        sling:resourceType="granite/ui/components/coral/foundation/form/checkbox"
                                                        checked="{Boolean}false"
                                                        fieldDescription="When checked, populate the description with the linked page's description."
                                                        name="./descriptionFromPage"
                                                        text="Get description from linked page"
                                                        uncheckedValue="{Boolean}false"
                                                        value="{Boolean}true"/>
                                                </items>
                                            </descriptionGroup>
                                        </items>
                                    </column>
                                </items>
                            </columns>
                        </items>
                    </text>
                    <image
                        jcr:primaryType="nt:unstructured"
                        jcr:title="Asset"
                        sling:hideResource="{Boolean}true"/>
                    <asset
                        jcr:primaryType="nt:unstructured"
                        jcr:title="Asset"
                        sling:resourceType="granite/ui/components/coral/foundation/container"
                        margin="{Boolean}true">
                        <items jcr:primaryType="nt:unstructured">
                            <columns
                                jcr:primaryType="nt:unstructured"
                                sling:resourceType="granite/ui/components/coral/foundation/fixedcolumns"
                                margin="{Boolean}true">
                                <items jcr:primaryType="nt:unstructured">
                                    <column
                                        jcr:primaryType="nt:unstructured"
                                        sling:resourceType="granite/ui/components/coral/foundation/container">
                                        <items jcr:primaryType="nt:unstructured">
                                            <imageFromPageImage
                                                jcr:primaryType="nt:unstructured"
                                                sling:resourceType="granite/ui/components/coral/foundation/form/checkbox"
                                                checked="{Boolean}false"
                                                fieldDescription="Use the featured image defined in the properties of the linked page, or in the properties of the current page when no link is defined."
                                                name="./imageFromPageImage"
                                                text="Inherit featured image from page"
                                                uncheckedValue="{Boolean}false"
                                                value="{Boolean}true"/>
                                            <pageImageThumbnail
                                                jcr:primaryType="nt:unstructured"
                                                sling:resourceType="core/wcm/components/commons/editor/dialog/pageimagethumbnail/v1/pageimagethumbnail"/>
                                            <file
                                                granite:class="cmp-image__editor-file-upload"
                                                jcr:primaryType="nt:unstructured"
                                                sling:resourceType="cq/gui/components/authoring/dialog/fileupload"
                                                class="cq-droptarget"
                                                fileNameParameter="./fileName"
                                                fileReferenceParameter="./fileReference"
                                                mimeTypes="[image/gif,image/jpeg,image/png,image/webp,image/tiff,image/svg+xml,image/bmp]"
                                                name="./file"/>
											<metaTitle
												jcr:primaryType="nt:unstructured"
												sling:resourceType="granite/ui/components/coral/foundation/form/textfield"
												fieldDescription="Additional information about the image."
												fieldLabel="Title"
												name="./metaTitle"/>
                                            <alternativeGroup
                                                jcr:primaryType="nt:unstructured"
                                                sling:resourceType="granite/ui/components/coral/foundation/well"
                                                granite:class="cmp-image__editor-alt">
                                                <items jcr:primaryType="nt:unstructured">
                                                    <alt
                                                        granite:class="cmp-image__editor-alt-text"
                                                        jcr:primaryType="nt:unstructured"
                                                        sling:resourceType="granite/ui/components/coral/foundation/form/textfield"
                                                        fieldDescription="Textual alternative of the meaning or function of the image, for visually impaired readers."
                                                        fieldLabel="Alternative text for accessibility"
                                                        name="./alt"
                                                        required="{Boolean}true"/>
                                                    <altValueFromPageImage
                                                        jcr:primaryType="nt:unstructured"
                                                        sling:resourceType="granite/ui/components/coral/foundation/form/checkbox"
                                                        checked="{Boolean}false"
                                                        fieldDescription="Use the description defined on the referenced asset, or the alternative text defined in the page properties."
                                                        name="./altValueFromPageImage"
                                                        text="Inherit alternative text from page"
                                                        uncheckedValue="{Boolean}false"
                                                        value="{Boolean}true"/>
                                                    <altValueFromDAM
                                                        jcr:primaryType="nt:unstructured"
                                                        sling:resourceType="granite/ui/components/coral/foundation/form/checkbox"
                                                        checked="{Boolean}false"
                                                        fieldDescription="When checked, populate the image's alt attribute with the value of the dc:description metadata in DAM."
                                                        name="./altValueFromDAM"
                                                        text="Inherit from description of asset"
                                                        uncheckedValue="{Boolean}false"
                                                        value="{Boolean}true"/>
                                                </items>
                                            </alternativeGroup>
                                            <decorative
                                                jcr:primaryType="nt:unstructured"
                                                sling:resourceType="granite/ui/components/coral/foundation/form/checkbox"
                                                checked="${not empty cqDesign.isDecorative ? cqDesign.isDecorative : false}"
                                                fieldDescription="If the image is mostly decorative and doesn't convey additional meaning to a visitor, then it might be acceptable to not provide an alternative text, which will make the image ignored by assistive technology like screen readers."
                                                name="./isDecorative"
                                                text="Don’t provide an alternative text"
                                                uncheckedValue="{Boolean}false"
                                                value="{Boolean}true"/>
                                            <dynamicmediaGroup
                                                granite:hide="${!cqDesign.enableDmFeatures}"
                                                jcr:primaryType="nt:unstructured"
                                                sling:resourceType="granite/ui/components/coral/foundation/well"
                                                granite:class="cmp-image__editor-dynamicmedia">
                                                <items jcr:primaryType="nt:unstructured">
                                                    <dmpresettypecontainer
                                                        jcr:primaryType="nt:unstructured"
                                                        sling:resourceType="granite/ui/components/coral/foundation/container">
                                                        <items jcr:primaryType="nt:unstructured">
                                                            <presettype
                                                                wrapperClass="cmp-image__editor-dynamicmedia-presettype"
                                                                jcr:primaryType="nt:unstructured"
                                                                sling:resourceType="granite/ui/components/coral/foundation/form/radiogroup"
                                                                deleteHint="{Boolean}true"
                                                                fieldLabel="Preset Type"
                                                                fieldDescription="Select either an Image Preset or Smart Crop rendition."
                                                                name="./dmPresetType"
                                                                text="Preset Type">
                                                                <items jcr:primaryType="nt:unstructured">
                                                                    <option1
                                                                        jcr:primaryType="nt:unstructured"
                                                                        checked="{Boolean}true"
                                                                        text="Image Preset"
                                                                        value="imagePreset"/>
                                                                    <option2
                                                                        jcr:primaryType="nt:unstructured"
                                                                        text="Smart Crop"
                                                                        value="smartCrop"/>
                                                                </items>
                                                            </presettype>
                                                        </items>
                                                    </dmpresettypecontainer>
                                                    <imagepreset
                                                        granite:class="cmp-image__editor-dynamicmedia-imagepreset"
                                                        jcr:primaryType="nt:unstructured"
                                                        sling:resourceType="granite/ui/components/coral/foundation/form/select"
                                                        fieldDescription="Image Preset to use when rendering image."
                                                        fieldLabel="Image Preset"
                                                        name="./imagePreset">
                                                        <datasource
                                                            jcr:primaryType="nt:unstructured"
                                                            sling:resourceType="dam/components/scene7/common/imagepresetdatasource"/>
                                                    </imagepreset>
                                                    <smartcroprenditions
                                                        granite:class="cmp-image__editor-dynamicmedia-smartcroprendition"
                                                        jcr:primaryType="nt:unstructured"
                                                        sling:resourceType="granite/ui/components/coral/foundation/form/select"
                                                        fieldDescription="Select Auto for Dynamic Media to decide the best rendition. Else select a specific smart crop rendition."
                                                        fieldLabel="Rendition"
                                                        name="./smartCropRendition">
                                                    </smartcroprenditions>
                                                    <imageModifiers
                                                        jcr:primaryType="nt:unstructured"
                                                        sling:resourceType="granite/ui/components/coral/foundation/form/textfield"
                                                        fieldDescription="Additional Dynamic Media Image Serving commands separated by '&amp;'.Field gives complete flexibility to change image effects."
                                                        fieldLabel="Image Modifiers"
                                                        name="./imageModifiers"/>
                                                </items>
                                            </dynamicmediaGroup>
                                            <disableLazyLoading
                                                jcr:primaryType="nt:unstructured"
                                                sling:resourceType="granite/ui/components/coral/foundation/form/checkbox"
                                                granite:hide="${cqDesign.disableLazyLoading}"
                                                fieldDescription="When checked, image will be loaded eagerly, regardless of if the image is currently visible by the user."
                                                name="./disableLazyLoading"
                                                text="Disable lazy loading"
                                                deleteHint="{Boolean}true"
                                                value="{Boolean}true"/>
                                        </items>
                                    </column>
                                </items>
                            </columns>
                        </items>
                    </asset>
                </items>
            </tabs>
        </items>
    </content>
</jcr:root>
