<?xml version="1.0" encoding="UTF-8"?>
<jcr:root xmlns:sling="http://sling.apache.org/jcr/sling/1.0" xmlns:cq="http://www.day.com/jcr/cq/1.0" xmlns:jcr="http://www.jcp.org/jcr/1.0" xmlns:nt="http://www.jcp.org/jcr/nt/1.0"
		  jcr:primaryType="nt:unstructured"
		  jcr:title="PAEAS Search"
		  sling:resourceType="cq/gui/components/authoring/dialog">
	<content
		jcr:primaryType="nt:unstructured"
		sling:resourceType="granite/ui/components/coral/foundation/container">
		<items jcr:primaryType="nt:unstructured">
			<tabs
				jcr:primaryType="nt:unstructured"
				sling:resourceType="granite/ui/components/coral/foundation/tabs"
				maximized="{Boolean}true">
				<items jcr:primaryType="nt:unstructured">
					<properties
						jcr:primaryType="nt:unstructured"
						jcr:title="Properties"
						sling:resourceType="granite/ui/components/coral/foundation/container"
						margin="{Boolean}true">
						<items jcr:primaryType="nt:unstructured">
							<columns
								jcr:primaryType="nt:unstructured"
								sling:resourceType="granite/ui/components/coral/foundation/fixedcolumns"
								margin="{Boolean}true">
								<items jcr:primaryType="nt:unstructured">
									<column
										jcr:primaryType="nt:unstructured"
										sling:resourceType="granite/ui/components/coral/foundation/container">
										<items jcr:primaryType="nt:unstructured">
											<basePath
												jcr:primaryType="nt:unstructured"
												sling:resourceType="granite/ui/components/coral/foundation/form/pathfield"
												fieldLabel="Base Path"
												name="./basePath"
												rootPath="/content"
												useFixedInlineToolbar="{Boolean}true"/>
											<clearForm
												jcr:primaryType="nt:unstructured"
												sling:resourceType="granite/ui/components/coral/foundation/form/checkbox"
												value="{Boolean}true"
												uncheckedValue="{Boolean}false"
												text="Clear Form Option"
												name="./clearForm"/>
											<resultsPerPage
												jcr:primaryType="nt:unstructured"
												fieldLabel="Results Per Page"
												name="./resultsPerPage"
												sling:resourceType="granite/ui/components/coral/foundation/form/select">
												<items jcr:primaryType="nt:unstructured">
													<ten
														selected="{Boolean}true"
														text="10"
														value="10"
														jcr:primaryType="nt:unstructured"/>
													<twentyfive
														text="25"
														value="25"
														jcr:primaryType="nt:unstructured"/>
													<fifty
														text="50"
														value="50"
														jcr:primaryType="nt:unstructured"/>
												</items>
											</resultsPerPage>
										</items>
									</column>
								</items>
							</columns>
						</items>
					</properties>
				</items>
			</tabs>
		</items>
	</content>
</jcr:root>
