<?xml version="1.0" encoding="UTF-8"?>
<jcr:root xmlns:sling="http://sling.apache.org/jcr/sling/1.0" xmlns:cq="http://www.day.com/jcr/cq/1.0" xmlns:jcr="http://www.jcp.org/jcr/1.0" xmlns:nt="http://www.jcp.org/jcr/nt/1.0"
    jcr:primaryType="nt:unstructured"
    jcr:title="Gallery"
	extraClientlibs="[miterd.mimetype.validation]"
    sling:resourceType="cq/gui/components/authoring/dialog">
    <content
        jcr:primaryType="nt:unstructured"
        sling:resourceType="granite/ui/components/coral/foundation/container">
        <items jcr:primaryType="nt:unstructured">
            <tabs
                jcr:primaryType="nt:unstructured"
                sling:resourceType="granite/ui/components/coral/foundation/tabs"
                maximized="{Boolean}true">
                <items jcr:primaryType="nt:unstructured">
                    <properties
                        jcr:primaryType="nt:unstructured"
                        jcr:title="Properties"
                        sling:resourceType="granite/ui/components/coral/foundation/container"
                        margin="{Boolean}true">
                        <items jcr:primaryType="nt:unstructured">
                            <columns
                                jcr:primaryType="nt:unstructured"
                                sling:resourceType="granite/ui/components/coral/foundation/fixedcolumns"
                                margin="{Boolean}true">
                                <items jcr:primaryType="nt:unstructured">
                                    <column
                                        jcr:primaryType="nt:unstructured"
                                        sling:resourceType="granite/ui/components/coral/foundation/container">
                                        <items jcr:primaryType="nt:unstructured">
                                            <title
                                                jcr:primaryType="nt:unstructured"
                                                sling:resourceType="granite/ui/components/coral/foundation/form/textfield"
                                                fieldLabel="Title"
                                                fieldDescription="Enter the title"
                                                emptyText="Title"
                                                name="./title"
                                                required="{Boolean}true"/>
                                        </items>
                                    </column>
                                </items>
                            </columns>
                        </items>
                    </properties>
					<images
                        jcr:primaryType="nt:unstructured"
                        jcr:title="Images"
                        sling:resourceType="granite/ui/components/coral/foundation/container"
                        margin="{Boolean}true">
                        <items jcr:primaryType="nt:unstructured">
                            <columns
                                jcr:primaryType="nt:unstructured"
                                sling:resourceType="granite/ui/components/coral/foundation/fixedcolumns"
                                margin="{Boolean}true">
                                <items jcr:primaryType="nt:unstructured">
                                    <column
                                        jcr:primaryType="nt:unstructured"
                                        sling:resourceType="granite/ui/components/coral/foundation/container">
                                        <items jcr:primaryType="nt:unstructured">
                                            <images
                                                jcr:primaryType="nt:unstructured"
                                                jcr:title="Images"
                                                sling:resourceType="/libs/granite/ui/components/coral/foundation/form/multifield"
                                                composite="{Boolean}true"
                                                fieldLabel="Images">
                                                <field
                                                    jcr:primaryType="nt:unstructured"
                                                    sling:resourceType="granite/ui/components/coral/foundation/container"
                                                    name="./imagesPath">
                                                    <items jcr:primaryType="nt:unstructured">
														<well
															jcr:primaryType="nt:unstructured"
															sling:resourceType="granite/ui/components/coral/foundation/well">
															<items jcr:primaryType="nt:unstructured">
																<column
																	jcr:primaryType="nt:unstructured"
																	sling:resourceType="granite/ui/components/coral/foundation/container">
																	<items jcr:primaryType="nt:unstructured">
																		<image
                                                                            jcr:primaryType="nt:unstructured"
                                                                            sling:resourceType="granite/ui/components/coral/foundation/form/pathfield"
                                                                            fieldLabel="Image"
                                                                            name="./image"
                                                                            rootPath="/content/dam"
                                                                            useFixedInlineToolbar="{Boolean}true"/>
																		<title
																			jcr:primaryType="nt:unstructured"
																			sling:resourceType="granite/ui/components/coral/foundation/form/textfield"
																			fieldLabel="Image Title"
																			fieldDescription="Enter the title"
																			emptyText="Image Title"
																			name="./imageTitle"/>
																		<alt
																			jcr:primaryType="nt:unstructured"
																			sling:resourceType="granite/ui/components/coral/foundation/form/textfield"
																			fieldLabel="Image Alternative Text"
																			fieldDescription="Enter the alternative text"
																			emptyText="Image Alternative Text"
																			name="./imageAlt"/>
																	</items>
																</column>
															</items>
														</well>
                                                    </items>
                                                </field>
                                            </images>
                                        </items>
                                    </column>
                                </items>
                            </columns>
                        </items>
                    </images>
					<videos
                        jcr:primaryType="nt:unstructured"
                        jcr:title="Videos"
                        sling:resourceType="granite/ui/components/coral/foundation/container"
                        margin="{Boolean}true">
                        <items jcr:primaryType="nt:unstructured">
                            <columns
                                jcr:primaryType="nt:unstructured"
                                sling:resourceType="granite/ui/components/coral/foundation/fixedcolumns"
                                margin="{Boolean}true">
                                <items jcr:primaryType="nt:unstructured">
                                    <column
                                        jcr:primaryType="nt:unstructured"
                                        sling:resourceType="granite/ui/components/coral/foundation/container">
                                        <items jcr:primaryType="nt:unstructured">
                                            <videos
                                                jcr:primaryType="nt:unstructured"
                                                jcr:title="Videos"
                                                sling:resourceType="/libs/granite/ui/components/coral/foundation/form/multifield"
                                                composite="{Boolean}true"
                                                fieldLabel="Videos">
                                                <field
                                                    jcr:primaryType="nt:unstructured"
                                                    sling:resourceType="granite/ui/components/coral/foundation/container"
                                                    name="./videosPath">
                                                    <items jcr:primaryType="nt:unstructured">
														<well
															jcr:primaryType="nt:unstructured"
															sling:resourceType="granite/ui/components/coral/foundation/well">
															<items jcr:primaryType="nt:unstructured">
																<column
																	jcr:primaryType="nt:unstructured"
																	sling:resourceType="granite/ui/components/coral/foundation/container">
																	<items jcr:primaryType="nt:unstructured">
																		<video
                                                                            jcr:primaryType="nt:unstructured"
                                                                            sling:resourceType="granite/ui/components/coral/foundation/form/pathfield"
                                                                            fieldLabel="Video"
                                                                            name="./video"
                                                                            rootPath="/content/dam"
																			validation="miterd.mimetype.video.validator"
                                                                            useFixedInlineToolbar="{Boolean}true"/>
																	</items>
																</column>
															</items>
														</well>
                                                    </items>
                                                </field>
                                            </videos>
                                        </items>
                                    </column>
                                </items>
                            </columns>
                        </items>
                    </videos>
					<audios
                        jcr:primaryType="nt:unstructured"
                        jcr:title="Audios"
                        sling:resourceType="granite/ui/components/coral/foundation/container"
                        margin="{Boolean}true">
                        <items jcr:primaryType="nt:unstructured">
                            <columns
                                jcr:primaryType="nt:unstructured"
                                sling:resourceType="granite/ui/components/coral/foundation/fixedcolumns"
                                margin="{Boolean}true">
                                <items jcr:primaryType="nt:unstructured">
                                    <column
                                        jcr:primaryType="nt:unstructured"
                                        sling:resourceType="granite/ui/components/coral/foundation/container">
                                        <items jcr:primaryType="nt:unstructured">
                                            <audios
                                                jcr:primaryType="nt:unstructured"
                                                jcr:title="Audios"
                                                sling:resourceType="/libs/granite/ui/components/coral/foundation/form/multifield"
                                                composite="{Boolean}true"
                                                fieldLabel="Audios">
                                                <field
                                                    jcr:primaryType="nt:unstructured"
                                                    sling:resourceType="granite/ui/components/coral/foundation/container"
                                                    name="./audiosPath">
                                                    <items jcr:primaryType="nt:unstructured">
														<well
															jcr:primaryType="nt:unstructured"
															sling:resourceType="granite/ui/components/coral/foundation/well">
															<items jcr:primaryType="nt:unstructured">
																<column
																	jcr:primaryType="nt:unstructured"
																	sling:resourceType="granite/ui/components/coral/foundation/container">
																	<items jcr:primaryType="nt:unstructured">
																		<audio
                                                                            jcr:primaryType="nt:unstructured"
                                                                            sling:resourceType="granite/ui/components/coral/foundation/form/pathfield"
                                                                            fieldLabel="Audio"
                                                                            name="./audio"
                                                                            rootPath="/content/dam"
																			validation="miterd.mimetype.audio.validator"
                                                                            useFixedInlineToolbar="{Boolean}true"/>
																	</items>
																</column>
															</items>
														</well>
                                                    </items>
                                                </field>
                                            </audios>
                                        </items>
                                    </column>
                                </items>
                            </columns>
                        </items>
                    </audios>
                </items>
            </tabs>
        </items>
    </content>
</jcr:root>
