<?xml version="1.0" encoding="UTF-8"?>
<jcr:root xmlns:sling="http://sling.apache.org/jcr/sling/1.0" xmlns:cq="http://www.day.com/jcr/cq/1.0" xmlns:jcr="http://www.jcp.org/jcr/1.0" xmlns:nt="http://www.jcp.org/jcr/nt/1.0"
    jcr:primaryType="nt:unstructured"
    jcr:title="Iframe"
    sling:resourceType="cq/gui/components/authoring/dialog">
    <content
        jcr:primaryType="nt:unstructured"
        sling:resourceType="granite/ui/components/coral/foundation/container">
        <items jcr:primaryType="nt:unstructured">
            <tabs
                jcr:primaryType="nt:unstructured"
                sling:resourceType="granite/ui/components/coral/foundation/tabs"
                maximized="{Boolean}true">
                <items jcr:primaryType="nt:unstructured">
                    <properties
                        jcr:primaryType="nt:unstructured"
                        jcr:title="Properties"
                        sling:resourceType="granite/ui/components/coral/foundation/container"
                        margin="{Boolean}true">
                        <items jcr:primaryType="nt:unstructured">
                            <columns
                                jcr:primaryType="nt:unstructured"
                                sling:resourceType="granite/ui/components/coral/foundation/fixedcolumns"
                                margin="{Boolean}true">
                                <items jcr:primaryType="nt:unstructured">
                                    <column
                                        jcr:primaryType="nt:unstructured"
                                        sling:resourceType="granite/ui/components/coral/foundation/container">
                                        <items jcr:primaryType="nt:unstructured">
											<id
												jcr:primaryType="nt:unstructured"
												sling:resourceType="granite/ui/components/coral/foundation/form/textfield"
												fieldLabel="ID"
												name="./id"/>
											<src
												jcr:primaryType="nt:unstructured"
												sling:resourceType="granite/ui/components/coral/foundation/form/pathfield"
												fieldLabel="URL"
												name="./src"
												rootPath="/content"
												useFixedInlineToolbar="{Boolean}true"/>
											<title
												jcr:primaryType="nt:unstructured"
												sling:resourceType="granite/ui/components/coral/foundation/form/textfield"
												fieldLabel="Title"
												name="./title"/>
											<height
												jcr:primaryType="nt:unstructured"
												sling:resourceType="granite/ui/components/coral/foundation/form/numberfield"
                                                min="0"
												fieldLabel="Height"
                                                step="1"
												name="./height"/>
											<heightRadioGroup
												jcr:primaryType="nt:unstructured"
												sling:resourceType="granite/ui/components/foundation/form/radiogroup"
												ignoreData="{Boolean}false"
												text="Height Units"
												vertical="{Boolean}false">
												<items jcr:primaryType="nt:unstructured">
													<option1
														jcr:primaryType="nt:unstructured"
														sling:resourceType="granite/ui/components/foundation/form/radio"
														checked="{Boolean}true"
														name="./heightUnit"
														text="Pixel"
														value="pixel"/>
													<option2
														jcr:primaryType="nt:unstructured"
														sling:resourceType="granite/ui/components/foundation/form/radio"
														name="./heightUnit"
														text="Percentage"
														value="percentage"/>
												</items>
											</heightRadioGroup>
											<width
												jcr:primaryType="nt:unstructured"
												sling:resourceType="granite/ui/components/coral/foundation/form/numberfield"
												min="0"
                                                fieldLabel="Width"
                                                step="1"
												name="./width"/>
											<widthRadioGroup
												jcr:primaryType="nt:unstructured"
												sling:resourceType="granite/ui/components/foundation/form/radiogroup"
												ignoreData="{Boolean}false"
												text="Width Units"
												vertical="{Boolean}false">
												<items jcr:primaryType="nt:unstructured">
													<option1
														jcr:primaryType="nt:unstructured"
														sling:resourceType="granite/ui/components/foundation/form/radio"
														checked="{Boolean}true"
														name="./widthUnit"
														text="Pixel"
														value="pixel"/>
													<option2
														jcr:primaryType="nt:unstructured"
														sling:resourceType="granite/ui/components/foundation/form/radio"
														name="./widthUnit"
														text="Percentage"
														value="percentage"/>
												</items>
											</widthRadioGroup>
											<frameBorder
												jcr:primaryType="nt:unstructured"
												sling:resourceType="granite/ui/components/coral/foundation/form/textfield"
												fieldLabel="Frame Border"
												fieldDescription="Frame border style. Valid value example: '1px solid red', or 'none'"
												name="./frameBorder"/>
                                        </items>
                                    </column>
                                </items>
                            </columns>
                        </items>
                    </properties>
                </items>
            </tabs>
        </items>
    </content>
</jcr:root>
