<?xml version="1.0" encoding="UTF-8"?>
<jcr:root xmlns:sling="http://sling.apache.org/jcr/sling/1.0"
	xmlns:granite="http://www.adobe.com/jcr/granite/1.0"
	xmlns:cq="http://www.day.com/jcr/cq/1.0"
	xmlns:jcr="http://www.jcp.org/jcr/1.0"
	xmlns:nt="http://www.jcp.org/jcr/nt/1.0"
	jcr:primaryType="nt:unstructured"
	jcr:title="Highlight Carousel Item"
	sling:resourceType="cq/gui/components/authoring/dialog"
	extraClientlibs="[core.wcm.components.teaser.v2.editor,core.wcm.components.image.v3.editor]">
	<content
		granite:class="cmp-teaser__editor cmp-image__editor"
		jcr:primaryType="nt:unstructured"
		sling:resourceType="granite/ui/components/coral/foundation/container">
		<items jcr:primaryType="nt:unstructured">
			<tabs
				jcr:primaryType="nt:unstructured"
				sling:resourceType="granite/ui/components/coral/foundation/tabs">
				<items jcr:primaryType="nt:unstructured">
					<image
						sling:orderBefore="actions"
						jcr:primaryType="nt:unstructured"
						jcr:title="Asset"
						sling:resourceType="granite/ui/components/coral/foundation/container"
						margin="{Boolean}true">
						<items jcr:primaryType="nt:unstructured">
							<columns
								jcr:primaryType="nt:unstructured"
								sling:resourceType="granite/ui/components/coral/foundation/fixedcolumns"
								margin="{Boolean}true">
								<items jcr:primaryType="nt:unstructured">
									<column
										jcr:primaryType="nt:unstructured"
										sling:resourceType="granite/ui/components/coral/foundation/container">
										<items jcr:primaryType="nt:unstructured">
											<pageImageThumbnail
												jcr:primaryType="nt:unstructured"
												sling:resourceType="core/wcm/components/commons/editor/dialog/pageimagethumbnail/v1/pageimagethumbnail" />
											<file
												granite:class="cmp-image__editor-file-upload"
												jcr:primaryType="nt:unstructured"
												sling:resourceType="cq/gui/components/authoring/dialog/fileupload"
												class="cq-droptarget"
												fileNameParameter="./fileName"
												fileReferenceParameter="./fileReference"
												mimeTypes="[image/gif,image/jpeg,image/png,image/webp,image/tiff,image/svg+xml,image/bmp]"
												name="./file" />
											<imageFromPageImage
												jcr:primaryType="nt:unstructured"
												sling:resourceType="granite/ui/components/coral/foundation/form/checkbox"
												checked="${false}"
												fieldDescription="Use the featured image defined in the properties of the linked page, or in the properties of the current page when no link is defined."
												name="./imageFromPageImage"
												text="Inherit featured image from page"
												uncheckedValue="false"
												value="{Boolean}true" />
											<alternativeGroup
												jcr:primaryType="nt:unstructured"
												sling:resourceType="granite/ui/components/coral/foundation/well"
												granite:class="cmp-image__editor-alt">
												<items jcr:primaryType="nt:unstructured">
													<alt
														granite:class="cmp-image__editor-alt-text"
														jcr:primaryType="nt:unstructured"
														sling:resourceType="granite/ui/components/coral/foundation/form/textfield"
														fieldDescription="Textual alternative of the meaning or function of the image, for visually impaired readers."
														fieldLabel="Alternative text for accessibility"
														name="./alt"
														required="{Boolean}true" />
													<altValueFromPageImage
														jcr:primaryType="nt:unstructured"
														sling:resourceType="granite/ui/components/coral/foundation/form/checkbox"
														checked="${false}"
														fieldDescription="Use the description defined on the referenced asset, or the alternative text defined in the page properties."
														name="./altValueFromPageImage"
														text="Inherit alternative text from page"
														uncheckedValue="false"
														value="{Boolean}true" />
													<altValueFromDAM
														jcr:primaryType="nt:unstructured"
														sling:resourceType="granite/ui/components/coral/foundation/form/checkbox"
														checked="${false}"
														fieldDescription="When checked, populate the image's alt attribute with the value of the dc:description metadata in DAM."
														name="./altValueFromDAM"
														text="Inherit from description of asset"
														uncheckedValue="false"
														value="{Boolean}true" />
												</items>
											</alternativeGroup>
											<decorative
												jcr:primaryType="nt:unstructured"
												sling:resourceType="granite/ui/components/coral/foundation/form/checkbox"
												checked="${not empty cqDesign.isDecorative ? cqDesign.isDecorative : false}"
												fieldDescription="If the image is mostly decorative and doesn't convey additional meaning to a visitor, then it might be acceptable to not provide an alternative text, which will make the image ignored by assistive technology like screen readers."
												name="./isDecorative"
												text="Don’t provide an alternative text"
												uncheckedValue="false"
												value="{Boolean}true" />
										</items>
									</column>
								</items>
							</columns>
						</items>
					</image>
					<actions
						jcr:primaryType="nt:unstructured"
						jcr:title="Links"
						sling:resourceType="granite/ui/components/coral/foundation/container"
						margin="{Boolean}true">
						<items jcr:primaryType="nt:unstructured">
							<columns
								jcr:primaryType="nt:unstructured"
								sling:resourceType="granite/ui/components/coral/foundation/fixedcolumns"
								margin="{Boolean}true">
								<items jcr:primaryType="nt:unstructured">
									<column
										jcr:primaryType="nt:unstructured"
										sling:resourceType="granite/ui/components/coral/foundation/container">
										<items jcr:primaryType="nt:unstructured">
											<linksNote
												jcr:primaryType="nt:unstructured"
												sling:resourceType="granite/ui/components/coral/foundation/text"
												text="If no call to action is specified, then the title, description and image will be inherited from the current page. This component shows up to 2 call to action buttons: the first one as a black button, and the second one as a white button." />
											<link
												jcr:primaryType="nt:unstructured"
												sling:hideResource="{Boolean}true" />
										</items>
									</column>
								</items>
							</columns>
						</items>
					</actions>
					<text
						jcr:primaryType="nt:unstructured"
						jcr:title="Text"
						sling:resourceType="granite/ui/components/coral/foundation/container"
						margin="{Boolean}true">
						<items jcr:primaryType="nt:unstructured">
							<columns
								jcr:primaryType="nt:unstructured"
								sling:resourceType="granite/ui/components/coral/foundation/fixedcolumns"
								margin="{Boolean}true">
								<items jcr:primaryType="nt:unstructured">
									<column
										jcr:primaryType="nt:unstructured"
										sling:resourceType="granite/ui/components/coral/foundation/container">
										<items jcr:primaryType="nt:unstructured">
											<pretitle
												jcr:primaryType="nt:unstructured"
												sling:hideResource="{Boolean}true" />
										</items>
									</column>
								</items>
							</columns>
						</items>
					</text>
					<logo
						jcr:primaryType="nt:unstructured"
						jcr:title="Logo"
						sling:resourceType="granite/ui/components/coral/foundation/container"
						margin="{Boolean}true">
						<items jcr:primaryType="nt:unstructured">
							<columns
								jcr:primaryType="nt:unstructured"
								sling:resourceType="granite/ui/components/coral/foundation/fixedcolumns"
								margin="{Boolean}true">
								<items jcr:primaryType="nt:unstructured">
									<column
										jcr:primaryType="nt:unstructured"
										sling:resourceType="granite/ui/components/coral/foundation/container">
										<items jcr:primaryType="nt:unstructured">
											<logoPath
												jcr:primaryType="nt:unstructured"
												sling:resourceType="cq/gui/components/authoring/dialog/fileupload"
												class="cq-droptarget"
												fileNameParameter="./logoName"
												fileReferenceParameter="./logoReference"
												mimeTypes="[image/gif,image/jpeg,image/png,image/webp,image/tiff,image/svg+xml,image/bmp]"
												name="./logoPath"
                                                allowUpload="{Boolean}false" />
											<logoAltText
												jcr:primaryType="nt:unstructured"
												sling:resourceType="granite/ui/components/coral/foundation/form/textfield"
												fieldDescription="The alternative text for the logo image."
												fieldLabel="Logo's alt text"
												name="./logoAltText" />
										</items>
									</column>
								</items>
							</columns>
						</items>
					</logo>
				</items>
			</tabs>
		</items>
	</content>
</jcr:root>
