<?xml version="1.0" encoding="UTF-8"?>
<workspaceFilter version="1.0">
    <filter root="/conf/miterd" mode="merge"/>
    <filter root="/content/miterd" mode="merge"/>
    <filter root="/content/dam/miterd" mode="merge">
        <exclude pattern="/content/dam/miterd(/.*)?"/>
        <include pattern="/content/dam/miterd/jcr:content(/.*)?"/>
    </filter>
    <filter root="/content/dam/miterd/asset.jpg" mode="merge"/>
    <filter root="/content/experience-fragments/miterd" mode="merge"/>
</workspaceFilter>
