<?xml version="1.0" encoding="UTF-8"?>
<jcr:root xmlns:sling="http://sling.apache.org/jcr/sling/1.0" xmlns:cq="http://www.day.com/jcr/cq/1.0" xmlns:jcr="http://www.jcp.org/jcr/1.0" xmlns:nt="http://www.jcp.org/jcr/nt/1.0"
	jcr:primaryType="nt:unstructured"
	jcr:title="Modal Container"
	sling:resourceType="cq/gui/components/authoring/dialog">
	<content
		jcr:primaryType="nt:unstructured"
		sling:resourceType="granite/ui/components/coral/foundation/container">
		<items jcr:primaryType="nt:unstructured">
			<tabs
				jcr:primaryType="nt:unstructured"
				sling:resourceType="granite/ui/components/coral/foundation/tabs"
				maximized="{Boolean}true">
				<items jcr:primaryType="nt:unstructured"
					sling:hideChildren="[styletab]">
					<properties
						jcr:primaryType="nt:unstructured"
						jcr:title="Properties"
						sling:resourceType="granite/ui/components/coral/foundation/container"
						margin="{Boolean}true">
						<items jcr:primaryType="nt:unstructured">
							<columns
								jcr:primaryType="nt:unstructured"
								sling:resourceType="granite/ui/components/coral/foundation/fixedcolumns"
								margin="{Boolean}true">
								<items jcr:primaryType="nt:unstructured">
									<column
										jcr:primaryType="nt:unstructured"
										sling:resourceType="granite/ui/components/coral/foundation/container">
										<items jcr:primaryType="nt:unstructured">
											<id
												jcr:primaryType="nt:unstructured"
												sling:resourceType="granite/ui/components/coral/foundation/form/textfield"
												fieldLabel="ID"
												name="./id"
												required="{Boolean}true" />
											<size
												jcr:primaryType="nt:unstructured"
												fieldLabel="Modal Size"
												name="./size"
												sling:resourceType="granite/ui/components/coral/foundation/form/select">
												<items jcr:primaryType="nt:unstructured">
													<large
														text="Large"
														value="modal-lg"
														jcr:primaryType="nt:unstructured" />
													<xlarge
														selected="{Boolean}true"
														text="xLarge"
														value="modal-xl"
														jcr:primaryType="nt:unstructured" />
												</items>
											</size>
											<scrollable
												jcr:primaryType="nt:unstructured"
												sling:resourceType="granite/ui/components/coral/foundation/form/checkbox"
												checked="{Boolean}false"
												name="./scrollable"
												text="Scrollable"
												uncheckedValue="false"
												value="{Boolean}true" />
											<centered
												jcr:primaryType="nt:unstructured"
												sling:resourceType="granite/ui/components/coral/foundation/form/checkbox"
												checked="{Boolean}true"
												name="./centered"
												text="Centered"
												uncheckedValue="false"
												value="{Boolean}true" />
										</items>
									</column>
								</items>
							</columns>
						</items>
					</properties>
					<buttons
						jcr:primaryType="nt:unstructured"
						jcr:title="Buttons"
						sling:resourceType="granite/ui/components/coral/foundation/container"
						margin="{Boolean}true">
						<items jcr:primaryType="nt:unstructured">
							<columns
								jcr:primaryType="nt:unstructured"
								sling:resourceType="granite/ui/components/coral/foundation/fixedcolumns"
								margin="{Boolean}true">
								<items jcr:primaryType="nt:unstructured">
									<column
										jcr:primaryType="nt:unstructured"
										sling:resourceType="granite/ui/components/coral/foundation/container">
										<items jcr:primaryType="nt:unstructured">
											<buttons
												jcr:primaryType="nt:unstructured"
												jcr:title="Buttons List"
												sling:resourceType="/libs/granite/ui/components/coral/foundation/form/multifield"
												composite="{Boolean}true"
												fieldLabel="Buttons List">
												<field
													jcr:primaryType="nt:unstructured"
													sling:resourceType="granite/ui/components/coral/foundation/container"
													name="./items">
													<items jcr:primaryType="nt:unstructured">
														<well
															jcr:primaryType="nt:unstructured"
															sling:resourceType="granite/ui/components/coral/foundation/well">
															<items jcr:primaryType="nt:unstructured">
																<column
																	jcr:primaryType="nt:unstructured"
																	sling:resourceType="granite/ui/components/coral/foundation/container">
																	<items jcr:primaryType="nt:unstructured">
																		<text
																			jcr:primaryType="nt:unstructured"
																			sling:resourceType="granite/ui/components/coral/foundation/form/textfield"
																			fieldLabel="Text"
																			name="./text"
																			required="{Boolean}true" />
																		<color
																			jcr:primaryType="nt:unstructured"
																			fieldLabel="Color"
																			name="./color"
																			sling:resourceType="granite/ui/components/coral/foundation/form/select">
																			<items jcr:primaryType="nt:unstructured">
																				<white
																					selected="{Boolean}true"
																					text="White"
																					value="btn--white"
																					jcr:primaryType="nt:unstructured" />
																				<black
																					text="Black"
																					value="btn--black"
																					jcr:primaryType="nt:unstructured" />
																			</items>
																		</color>
																		<target
																			jcr:primaryType="nt:unstructured"
																			sling:resourceType="granite/ui/components/coral/foundation/form/textfield"
																			fieldLabel="Target Modal ID"
																			name="./target" />
																		<cookies
																			jcr:primaryType="nt:unstructured"
																			sling:resourceType="granite/ui/components/coral/foundation/form/checkbox"
																			checked="{Boolean}false"
																			name="./cookies"
																			text="Aceptar Cookies"
																			uncheckedValue="false"
																			value="{Boolean}true" />
																		<toggle
																			jcr:primaryType="nt:unstructured"
																			sling:resourceType="granite/ui/components/coral/foundation/form/checkbox"
																			checked="{Boolean}false"
																			name="./toggle"
																			text="Modal Toggle"
																			uncheckedValue="false"
																			value="{Boolean}true" />
																		<dismiss
																			jcr:primaryType="nt:unstructured"
																			sling:resourceType="granite/ui/components/coral/foundation/form/checkbox"
																			checked="{Boolean}false"
																			name="./dismiss"
																			text="Modal Dismiss"
																			uncheckedValue="false"
																			value="{Boolean}true" />
																	</items>
																</column>
															</items>
														</well>
													</items>
												</field>
											</buttons>
										</items>
									</column>
								</items>
							</columns>
						</items>
					</buttons>
				</items>
			</tabs>
		</items>
	</content>
</jcr:root>
