<?xml version="1.0" encoding="UTF-8"?>
<jcr:root xmlns:sling="http://sling.apache.org/jcr/sling/1.0" xmlns:granite="http://www.adobe.com/jcr/granite/1.0"
	xmlns:cq="http://www.day.com/jcr/cq/1.0" xmlns:jcr="http://www.jcp.org/jcr/1.0"
	xmlns:nt="http://www.jcp.org/jcr/nt/1.0"
    jcr:primaryType="nt:unstructured"
    jcr:title="Page"
    sling:resourceType="cq/gui/components/authoring/dialog"
    extraClientlibs="[cq.common.wcm,core.wcm.components.page.v3.editor,cq.wcm.msm.properties,granite.contexthub.configuration,cq.siteadmin.admin.properties,core.wcm.components.image.v3.editor]"
    mode="edit">
    <content
        granite:class="cq-dialog-content-page"
        jcr:primaryType="nt:unstructured"
        sling:resourceType="granite/ui/components/coral/foundation/container">
        <items jcr:primaryType="nt:unstructured">
            <tabs
                granite:class="cq-siteadmin-admin-properties-tabs"
                jcr:primaryType="nt:unstructured"
                sling:resourceType="granite/ui/components/coral/foundation/tabs"
                size="L">
                <items jcr:primaryType="nt:unstructured">
                    <cache
                        jcr:primaryType="nt:unstructured"
                        jcr:title="Cache Control"
                        sling:resourceType="granite/ui/components/coral/foundation/fixedcolumns">
                        <items jcr:primaryType="nt:unstructured">
                            <column
                                jcr:primaryType="nt:unstructured"
                                sling:resourceType="granite/ui/components/coral/foundation/container">
                                <items jcr:primaryType="nt:unstructured">
									<maxAge
										jcr:primaryType="nt:unstructured"
										sling:resourceType="granite/ui/components/coral/foundation/form/numberfield"
										fieldLabel="Max Age"
										min="60"
										step="1"
										name="./maxAge">
										<granite:data
											jcr:primaryType="nt:unstructured"
											cq-msm-lockable="maxAge"/>
									</maxAge>
								</items>
							</column>
						</items>
						<granite:rendercondition
							jcr:primaryType="nt:unstructured"
							sling:resourceType="granite/ui/components/coral/foundation/renderconditions/and">
							<isInGroup
								jcr:primaryType="nt:unstructured"
								sling:resourceType="/libs/fd/fm/gui/components/admin/renderconditions/groups"
								group="cache-control-group"/>
						</granite:rendercondition>
					</cache>
                </items>
            </tabs>
        </items>
    </content>
</jcr:root>
