<?xml version="1.0" encoding="UTF-8"?>
<jcr:root xmlns:sling="http://sling.apache.org/jcr/sling/1.0" xmlns:granite="http://www.adobe.com/jcr/granite/1.0"
	xmlns:cq="http://www.day.com/jcr/cq/1.0" xmlns:jcr="http://www.jcp.org/jcr/1.0" xmlns:nt="http://www.jcp.org/jcr/nt/1.0"
	jcr:primaryType="nt:unstructured"
	jcr:title="Agenda Form"
	sling:resourceType="cq/gui/components/authoring/dialog"
	extraClientlibs="[core.wcm.components.image.v3.editor,core.wcm.components.commons.editor.dialog.pageimagethumbnail.v1,miterd.timezone]">
	<content
		jcr:primaryType="nt:unstructured"
		sling:resourceType="granite/ui/components/coral/foundation/container">
		<items jcr:primaryType="nt:unstructured">
			<tabs
				jcr:primaryType="nt:unstructured"
				sling:resourceType="granite/ui/components/coral/foundation/tabs"
				maximized="{Boolean}true">
				<items jcr:primaryType="nt:unstructured"
					sling:hideChildren="[styletab]">
					<asset
                        jcr:primaryType="nt:unstructured"
                        jcr:title="Asset"
                        sling:resourceType="granite/ui/components/coral/foundation/container"
                        margin="{Boolean}true">
                        <items jcr:primaryType="nt:unstructured">
                            <columns
                                jcr:primaryType="nt:unstructured"
                                sling:resourceType="granite/ui/components/coral/foundation/fixedcolumns"
                                margin="{Boolean}true">
                                <items jcr:primaryType="nt:unstructured">
                                    <column
                                        jcr:primaryType="nt:unstructured"
                                        sling:resourceType="granite/ui/components/coral/foundation/container">
                                        <items jcr:primaryType="nt:unstructured">
                                            <imageFromPageImage
												sling:orderBefore="alternativeGroup"
                                                jcr:primaryType="nt:unstructured"
                                                sling:resourceType="granite/ui/components/coral/foundation/form/checkbox"
                                                checked="{Boolean}false"
                                                fieldDescription="Use the featured image defined in the properties of the linked page, or in the properties of the current page when no link is defined."
                                                name="./imageFromPageImage"
                                                text="Inherit featured image from page"
                                                uncheckedValue="{Boolean}false"
                                                value="{Boolean}true"/>
											<pageImageThumbnail
                                                jcr:primaryType="nt:unstructured"
                                                sling:resourceType="core/wcm/components/commons/editor/dialog/pageimagethumbnail/v1/pageimagethumbnail"/>
                                            <file
                                                granite:class="cmp-image__editor-file-upload"
                                                jcr:primaryType="nt:unstructured"
                                                sling:resourceType="cq/gui/components/authoring/dialog/fileupload"
                                                class="cq-droptarget"
                                                fileNameParameter="./fileName"
                                                fileReferenceParameter="./fileReference"
                                                mimeTypes="[image/gif,image/jpeg,image/png,image/webp,image/tiff,image/svg+xml,image/bmp]"
                                                name="./file"/>
											<alternativeGroup
												jcr:primaryType="nt:unstructured"
												sling:resourceType="granite/ui/components/coral/foundation/well"
												granite:class="cmp-image__editor-alt">
												<items jcr:primaryType="nt:unstructured">
													<altValueFromPageImage
														jcr:primaryType="nt:unstructured"
														sling:resourceType="granite/ui/components/coral/foundation/form/checkbox"
														checked="{Boolean}false"
														fieldDescription="Use the description defined on the referenced asset, or the alternative text defined in the page properties."
														name="./altValueFromPageImage"
														text="Inherit alternative text from page"
														uncheckedValue="{Boolean}false"
														value="{Boolean}true" />
													<altValueFromDAM
														jcr:primaryType="nt:unstructured"
														sling:resourceType="granite/ui/components/coral/foundation/form/checkbox"
														checked="{Boolean}false"
														fieldDescription="When checked, populate the image's alt attribute with the value of the dc:description metadata in DAM."
														name="./altValueFromDAM"
														text="Inherit from description of asset"
														uncheckedValue="{Boolean}false"
														value="{Boolean}true" />
												</items>
											</alternativeGroup>
                                        </items>
                                    </column>
                                </items>
                            </columns>
                        </items>
                    </asset>
					<metadata
                        jcr:primaryType="nt:unstructured"
                        jcr:title="Metadata"
                        sling:resourceType="granite/ui/components/coral/foundation/container"
                        margin="{Boolean}true">
                        <items jcr:primaryType="nt:unstructured">
                            <columns
                                jcr:primaryType="nt:unstructured"
                                sling:resourceType="granite/ui/components/coral/foundation/fixedcolumns"
                                margin="{Boolean}true">
                                <items jcr:primaryType="nt:unstructured">
                                    <column
                                        jcr:primaryType="nt:unstructured"
                                        sling:resourceType="granite/ui/components/coral/foundation/container">
                                        <items
											jcr:primaryType="nt:unstructured"
											sling:hideChildren="[link]">
											<captionGroup
                                                jcr:primaryType="nt:unstructured"
                                                sling:resourceType="granite/ui/components/coral/foundation/well">
                                                <items jcr:primaryType="nt:unstructured">
													<caption
														jcr:primaryType="nt:unstructured"
														sling:resourceType="granite/ui/components/coral/foundation/form/textfield"
														fieldDescription="Additional information about the image."
														fieldLabel="Title"
														name="./jcr:title"/>
													<titleValueFromDAM
														jcr:primaryType="nt:unstructured"
														sling:resourceType="granite/ui/components/coral/foundation/form/checkbox"
														checked="{Boolean}false"
														fieldDescription="When checked, populate the image's title with the value of the dc:title metadata in DAM."
														name="./titleValueFromDAM"
														text="Get caption from DAM"
														uncheckedValue="{Boolean}false"
														value="{Boolean}true"/>
													<displayPopupTitle
														jcr:primaryType="nt:unstructured"
														sling:resourceType="granite/ui/components/coral/foundation/form/checkbox"
														checked="{Boolean}true"
														fieldDescription="When checked, the caption won't be displayed below the image, but as a pop-up displayed by some browsers when hovering over the image."
														name="./displayPopupTitle"
														text="Display caption as pop-up"
														uncheckedValue="{Boolean}false"
														value="{Boolean}true"/>
                                                </items>
                                            </captionGroup>
                                        </items>
                                    </column>
                                </items>
                            </columns>
                        </items>
                    </metadata>
					<properties
						jcr:primaryType="nt:unstructured"
						jcr:title="Properties"
						sling:orderBefore="asset"
						sling:resourceType="granite/ui/components/coral/foundation/container"
						margin="{Boolean}true">
						<items jcr:primaryType="nt:unstructured">
							<columns
								jcr:primaryType="nt:unstructured"
								sling:resourceType="granite/ui/components/coral/foundation/fixedcolumns"
								margin="{Boolean}true">
								<items jcr:primaryType="nt:unstructured">
									<column
										jcr:primaryType="nt:unstructured"
										sling:resourceType="granite/ui/components/coral/foundation/container">
										<items jcr:primaryType="nt:unstructured">
											<title
												jcr:primaryType="nt:unstructured"
												sling:resourceType="granite/ui/components/coral/foundation/form/textfield"
												fieldLabel="Title"
												required="{Boolean}true"
												name="./title"/>
											<place
												jcr:primaryType="nt:unstructured"
												sling:resourceType="granite/ui/components/coral/foundation/form/textfield"
												fieldLabel="Place"
												name="./place"/>
											<startDate
												jcr:primaryType="nt:unstructured"
												sling:resourceType="granite/ui/components/coral/foundation/form/datepicker"
												displayTimezoneMessage="{Boolean}false"
												displayedFormat="DD/MM/YYYY HH:mm"
												valueFormat="YYYY-MM-DDTHH:mm:ssZ"
												fieldLabel="Start Date"
												required="{Boolean}true"
												name="./startDate"
												type="datetime"/>
											<endDate
												jcr:primaryType="nt:unstructured"
												sling:resourceType="granite/ui/components/coral/foundation/form/datepicker"
												displayTimezoneMessage="{Boolean}false"
												displayedFormat="DD/MM/YYYY HH:mm"
												valueFormat="YYYY-MM-DDTHH:mm:ssZ"
												fieldLabel="End Date"
												name="./endDate"
												type="datetime"/>
											<area
												jcr:primaryType="nt:unstructured"
												sling:resourceType="cq/gui/components/coral/common/form/tagfield"
												allowBulkEdit="{Boolean}true"
												autocreateTag="{Boolean}true"
												fieldLabel="Area"
												multiple="{Boolean}true"
												name="./area"
												required="{Boolean}false">
												<granite:data
													jcr:primaryType="nt:unstructured"
													cq-msm-lockable="cq:tags"/>
											</area>
											<organization
												jcr:primaryType="nt:unstructured"
												sling:resourceType="granite/ui/components/coral/foundation/form/textarea"
												fieldLabel="Organization"
												name="./organization"/>
											<text
												jcr:primaryType="nt:unstructured"
												sling:resourceType="cq/gui/components/authoring/dialog/richtext"
												fieldLabel="Text"
												name="./text"
												useFixedInlineToolbar="{Boolean}true">
												<rtePlugins jcr:primaryType="nt:unstructured">
													<format
														jcr:primaryType="nt:unstructured"
														features="bold,italic"/>
													<justify
														jcr:primaryType="nt:unstructured"
														features="-"/>
													<links
														jcr:primaryType="nt:unstructured"
														features="modifylink,unlink"/>
													<lists
														jcr:primaryType="nt:unstructured"
														features="*"/>
													<misctools jcr:primaryType="nt:unstructured">
														<specialCharsConfig jcr:primaryType="nt:unstructured">
															<chars jcr:primaryType="nt:unstructured">
																<default_copyright
																	jcr:primaryType="nt:unstructured"
																	entity="&amp;copy;"
																	name="copyright"/>
																<default_euro
																	jcr:primaryType="nt:unstructured"
																	entity="&amp;euro;"
																	name="euro"/>
																<default_registered
																	jcr:primaryType="nt:unstructured"
																	entity="&amp;reg;"
																	name="registered"/>
																<default_trademark
																	jcr:primaryType="nt:unstructured"
																	entity="&amp;trade;"
																	name="trademark"/>
															</chars>
														</specialCharsConfig>
													</misctools>
													<paraformat
														jcr:primaryType="nt:unstructured"
														features="*">
														<formats jcr:primaryType="nt:unstructured">
															<default_p
																jcr:primaryType="nt:unstructured"
																description="Paragraph"
																tag="p"/>
															<default_h1
																jcr:primaryType="nt:unstructured"
																description="Heading 1"
																tag="h1"/>
															<default_h2
																jcr:primaryType="nt:unstructured"
																description="Heading 2"
																tag="h2"/>
															<default_h3
																jcr:primaryType="nt:unstructured"
																description="Heading 3"
																tag="h3"/>
															<default_h4
																jcr:primaryType="nt:unstructured"
																description="Heading 4"
																tag="h4"/>
															<default_h5
																jcr:primaryType="nt:unstructured"
																description="Heading 5"
																tag="h5"/>
															<default_h6
																jcr:primaryType="nt:unstructured"
																description="Heading 6"
																tag="h6"/>
															<default_blockquote
																jcr:primaryType="nt:unstructured"
																description="Quote"
																tag="blockquote"/>
															<default_pre
																jcr:primaryType="nt:unstructured"
																description="Preformatted"
																tag="pre"/>
														</formats>
													</paraformat>
													<table
														jcr:primaryType="nt:unstructured"
														features="-">
														<hiddenHeaderConfig
															jcr:primaryType="nt:unstructured"
															hiddenHeaderClassName="cq-wcm-foundation-aria-visuallyhidden"
															hiddenHeaderEditingCSS="cq-RichText-hiddenHeader--editing"/>
													</table>
													<tracklinks
														jcr:primaryType="nt:unstructured"
														features="*"/>
												</rtePlugins>
												<uiSettings jcr:primaryType="nt:unstructured">
													<cui jcr:primaryType="nt:unstructured">
														<inline
															jcr:primaryType="nt:unstructured"
															toolbar="[format#bold,format#italic,format#underline,#justify,#lists,links#modifylink,links#unlink,#paraformat]">
															<popovers jcr:primaryType="nt:unstructured">
																<justify
																	jcr:primaryType="nt:unstructured"
																	items="[justify#justifyleft,justify#justifycenter,justify#justifyright]"
																	ref="justify"/>
																<lists
																	jcr:primaryType="nt:unstructured"
																	items="[lists#unordered,lists#ordered,lists#outdent,lists#indent]"
																	ref="lists"/>
																<paraformat
																	jcr:primaryType="nt:unstructured"
																	items="paraformat:getFormats:paraformat-pulldown"
																	ref="paraformat"/>
															</popovers>
														</inline>
														<dialogFullScreen
															jcr:primaryType="nt:unstructured"
															toolbar="[format#bold,format#italic,format#underline,justify#justifyleft,justify#justifycenter,justify#justifyright,lists#unordered,lists#ordered,lists#outdent,lists#indent,links#modifylink,links#unlink,table#createoredit,#paraformat,image#imageProps">
															<popovers jcr:primaryType="nt:unstructured">
																<paraformat
																	jcr:primaryType="nt:unstructured"
																	items="paraformat:getFormats:paraformat-pulldown"
																	ref="paraformat"/>
															</popovers>
														</dialogFullScreen>
														<tableEditOptions
															jcr:primaryType="nt:unstructured"
															toolbar="[table#insertcolumn-before,table#insertcolumn-after,table#removecolumn,-,table#insertrow-before,table#insertrow-after,table#removerow,-,table#mergecells-right,table#mergecells-down,table#mergecells,table#splitcell-horizontal,table#splitcell-vertical,-,table#selectrow,table#selectcolumn,-,table#ensureparagraph,-,table#modifytableandcell,table#removetable,-,undo#undo,undo#redo,-,table#exitTableEditing,-]"/>
													</cui>
												</uiSettings>
											</text>
											<address
												jcr:primaryType="nt:unstructured"
												sling:resourceType="granite/ui/components/coral/foundation/form/textarea"
												fieldLabel="Address"
												name="./address"/>
											<phone
												jcr:primaryType="nt:unstructured"
												sling:resourceType="granite/ui/components/coral/foundation/form/textfield"
												fieldLabel="Phone"
												name="./phone"/>
											<mail
												jcr:primaryType="nt:unstructured"
												sling:resourceType="granite/ui/components/coral/foundation/form/textfield"
												fieldLabel="Mail"
												name="./mail"/>
											<announcement
												jcr:primaryType="nt:unstructured"
												sling:resourceType="granite/ui/components/coral/foundation/form/textfield"
												fieldLabel="Announcement"
												name="./announcement"/>
										</items>
									</column>
								</items>
							</columns>
						</items>
					</properties>
					<links
						jcr:primaryType="nt:unstructured"
						jcr:title="Links"
						sling:resourceType="granite/ui/components/coral/foundation/container"
						margin="{Boolean}true">
						<items jcr:primaryType="nt:unstructured">
							<columns
								jcr:primaryType="nt:unstructured"
								sling:resourceType="granite/ui/components/coral/foundation/fixedcolumns"
								margin="{Boolean}true">
								<items jcr:primaryType="nt:unstructured">
									<column
										jcr:primaryType="nt:unstructured"
										sling:resourceType="granite/ui/components/coral/foundation/container">
										<items jcr:primaryType="nt:unstructured">
											<items
												composite="{Boolean}true"
												fieldLabel="Items"
												jcr:primaryType="nt:unstructured"
												jcr:title="items"
												sling:resourceType="/libs/granite/ui/components/coral/foundation/form/multifield">
												<field
													name="./items"
													jcr:primaryType="nt:unstructured"
													sling:resourceType="granite/ui/components/coral/foundation/container">
													<items jcr:primaryType="nt:unstructured">
														<well
															jcr:primaryType="nt:unstructured"
															sling:resourceType="granite/ui/components/coral/foundation/well">
															<items jcr:primaryType="nt:unstructured">
																<column
																	jcr:primaryType="nt:unstructured"
																	sling:resourceType="granite/ui/components/coral/foundation/container">
																	<items jcr:primaryType="nt:unstructured">
																		<title
																			fieldLabel="Title"
																			name="./title"
																			jcr:primaryType="nt:unstructured"
																			sling:resourceType="granite/ui/components/coral/foundation/form/textfield"/>
																		<url
																			fieldDescription="Please provide URL."
																			fieldLabel="URL"
																			name="./url"
																			rootPath="/content"
																			useFixedInlineToolbar="{Boolean}true"
																			jcr:primaryType="nt:unstructured"
																			sling:resourceType="granite/ui/components/coral/foundation/form/pathfield"/>
																		<target
																			fieldLabel="Link Target"
																			name="./target"
																			jcr:primaryType="nt:unstructured"
																			sling:resourceType="granite/ui/components/coral/foundation/form/select">
																			<items jcr:primaryType="nt:unstructured">
																				<self
																					selected="{Boolean}true"
																					text="Same Tab/Window"
																					value="_self"
																					jcr:primaryType="nt:unstructured"/>
																				<blank
																					text="New Tab/Window"
																					value="_blank"
																					jcr:primaryType="nt:unstructured"/>
																			</items>
																		</target>
																	</items>
																</column>
															</items>
														</well>
													</items>
												</field>
											</items>
										</items>
									</column>
								</items>
							</columns>
						</items>
					</links>
					<position
						jcr:primaryType="nt:unstructured"
                        jcr:title="Role"
                        sling:resourceType="granite/ui/components/coral/foundation/container"
                        margin="{Boolean}true">
                        <items jcr:primaryType="nt:unstructured">
                            <columns
                                jcr:primaryType="nt:unstructured"
                                sling:resourceType="granite/ui/components/coral/foundation/fixedcolumns"
                                margin="{Boolean}true">
                                <items jcr:primaryType="nt:unstructured">
                                    <column
                                        jcr:primaryType="nt:unstructured"
                                        sling:resourceType="granite/ui/components/coral/foundation/container">
                                        <items jcr:primaryType="nt:unstructured">
											<static
												jcr:primaryType="nt:unstructured"
												sling:resourceType="granite/ui/components/foundation/form/select"
												fieldLabel="Role"
												name="./position">
												<items jcr:primaryType="nt:unstructured">
													<select
														jcr:primaryType="nt:unstructured"
														disabled="{Boolean}true"
														text="Select a role"
														value=""/>
													<one
														jcr:primaryType="nt:unstructured"
														text="Ministra para la Transición Ecológica y el Reto Demográfico"
														value="0001"/>
													<two
														jcr:primaryType="nt:unstructured"
														text="Secretaria de Estado de la Energía"
														value="0002"/>
													<three
														jcr:primaryType="nt:unstructured"
														text="Secretario de Estado de Medio Ambiente"
														value="0003"/>
													<four
														jcr:primaryType="nt:unstructured"
														text="Secretario General para el Reto Demográfico"
														value="0004"/>
													<other
														jcr:primaryType="nt:unstructured"
														text="Otros"
														value="9999"/>
												</items>
											</static>
                                        </items>
                                    </column>
                                </items>
                            </columns>
                        </items>
					</position>
				</items>
			</tabs>
		</items>
	</content>
</jcr:root>
