<?xml version="1.0" encoding="UTF-8"?>
<jcr:root xmlns:sling="http://sling.apache.org/jcr/sling/1.0" xmlns:granite="http://www.adobe.com/jcr/granite/1.0" xmlns:cq="http://www.day.com/jcr/cq/1.0" xmlns:jcr="http://www.jcp.org/jcr/1.0" xmlns:nt="http://www.jcp.org/jcr/nt/1.0"
	jcr:primaryType="nt:unstructured"
	jcr:title="Study"
	sling:resourceType="cq/gui/components/authoring/dialog">
	<content
		jcr:primaryType="nt:unstructured"
		sling:resourceType="granite/ui/components/coral/foundation/container">
		<items jcr:primaryType="nt:unstructured">
			<tabs
				jcr:primaryType="nt:unstructured"
				sling:resourceType="granite/ui/components/coral/foundation/tabs"
				maximized="{Boolean}true">
                <items jcr:primaryType="nt:unstructured">
					<properties
						jcr:primaryType="nt:unstructured"
						jcr:title="Properties"
						sling:resourceType="granite/ui/components/coral/foundation/container"
						margin="{Boolean}true">
						<items jcr:primaryType="nt:unstructured">
							<columns
								jcr:primaryType="nt:unstructured"
								sling:resourceType="granite/ui/components/coral/foundation/fixedcolumns"
								margin="{Boolean}true">
								<items jcr:primaryType="nt:unstructured">
									<column
										jcr:primaryType="nt:unstructured"
										sling:resourceType="granite/ui/components/coral/foundation/container">
										<items jcr:primaryType="nt:unstructured">
											<tag1
												jcr:primaryType="nt:unstructured"
												sling:resourceType="cq/gui/components/coral/common/form/tagfield"
												allowBulkEdit="{Boolean}true"
												autocreateTag="{Boolean}true"
												fieldLabel="Tag1"
												multiple="{Boolean}true"
												name="./tag1"
												required="{Boolean}true">
												<granite:data
													jcr:primaryType="nt:unstructured"
													cq-msm-lockable="cq:tags"/>
											</tag1>
											<tag2
												jcr:primaryType="nt:unstructured"
												sling:resourceType="cq/gui/components/coral/common/form/tagfield"
												allowBulkEdit="{Boolean}true"
												autocreateTag="{Boolean}true"
												fieldLabel="Tag2"
												multiple="{Boolean}true"
												name="./tag2"
												required="{Boolean}true">
												<granite:data
													jcr:primaryType="nt:unstructured"
													cq-msm-lockable="cq:tags"/>
											</tag2>
											<tag3
												jcr:primaryType="nt:unstructured"
												sling:resourceType="cq/gui/components/coral/common/form/tagfield"
												allowBulkEdit="{Boolean}true"
												autocreateTag="{Boolean}true"
												fieldLabel="Tag3"
												multiple="{Boolean}true"
												name="./tag3"
												required="{Boolean}true">
												<granite:data
													jcr:primaryType="nt:unstructured"
													cq-msm-lockable="cq:tags"/>
											</tag3>
                                            <title
												jcr:primaryType="nt:unstructured"
												sling:resourceType="granite/ui/components/coral/foundation/form/textfield"
												fieldLabel="Title"
												name="./title"
                                                required="{Boolean}true"
											/>
											<description
												jcr:primaryType="nt:unstructured"
												sling:resourceType="granite/ui/components/coral/foundation/form/textfield"
												fieldLabel="Description"
												name="./description"
                                                required="{Boolean}true"
											/>
                                        </items>
                                    </column>
                                </items>
                            </columns>
                        </items>
                    </properties>
                </items>
            </tabs>
		</items>
	</content>
</jcr:root>
