<jcr:root
	xmlns:sling="http://sling.apache.org/jcr/sling/1.0"
	xmlns:granite="http://www.adobe.com/jcr/granite/1.0"
	xmlns:cq="http://www.day.com/jcr/cq/1.0"
	xmlns:jcr="http://www.jcp.org/jcr/1.0"
	xmlns:nt="http://www.jcp.org/jcr/nt/1.0"
    jcr:primaryType="nt:unstructured"
    jcr:title="Accordion"
    sling:resourceType="cq/gui/components/authoring/dialog">
    <content
        jcr:primaryType="nt:unstructured"
        sling:resourceType="granite/ui/components/coral/foundation/container">
        <items jcr:primaryType="nt:unstructured">
            <tabs
                jcr:primaryType="nt:unstructured"
                sling:resourceType="granite/ui/components/coral/foundation/tabs"
                maximized="{Boolean}true">
                <items jcr:primaryType="nt:unstructured">
                    <properties
                        jcr:primaryType="nt:unstructured"
                        jcr:title="Properties"
                        sling:resourceType="granite/ui/components/coral/foundation/container"
                        margin="{Boolean}true">
                        <items jcr:primaryType="nt:unstructured">
                            <columns
                                jcr:primaryType="nt:unstructured"
                                sling:resourceType="granite/ui/components/coral/foundation/fixedcolumns"
                                margin="{Boolean}true">
                                <items jcr:primaryType="nt:unstructured">
                                    <column
                                        jcr:primaryType="nt:unstructured"
                                        sling:resourceType="granite/ui/components/coral/foundation/container">
                                        <items jcr:primaryType="nt:unstructured">
                                            <heading
												sling:orderBefore="singleExpansion"
                                                jcr:primaryType="nt:unstructured"
                                                sling:resourceType="granite/ui/components/coral/foundation/form/select"
                                                fieldLabel="Heading Element"
                                                name="./heading">
                                                <items jcr:primaryType="nt:unstructured">
                                                    <h2
                                                        jcr:primaryType="nt:unstructured"
														selected="{Boolean}true"
                                                        text="H2"
                                                        value="h2"/>
                                                    <h3
                                                        jcr:primaryType="nt:unstructured"
                                                        text="H3"
                                                        value="h3"/>
                                                    <h4
                                                        jcr:primaryType="nt:unstructured"
                                                        text="H4"
                                                        value="h4"/>
                                                    <h5
                                                        jcr:primaryType="nt:unstructured"
                                                        text="H5"
                                                        value="h5"/>
													<h6
														jcr:primaryType="nt:unstructured"
														text="H6"
														value="h6"/>
                                                </items>
                                            </heading>
                                        </items>
                                    </column>
                                </items>
                            </columns>
                        </items>
                    </properties>
                </items>
            </tabs>
        </items>
    </content>
</jcr:root>
