<?xml version="1.0" encoding="UTF-8"?>
<jcr:root xmlns:sling="http://sling.apache.org/jcr/sling/1.0" xmlns:jcr="http://www.jcp.org/jcr/1.0"
          xmlns:nt="http://www.jcp.org/jcr/nt/1.0" xmlns:cq="http://www.day.com/jcr/cq/1.0"
          xmlns:granite="http://www.adobe.com/jcr/granite/1.0"
    jcr:primaryType="nt:unstructured"
    jcr:title="Image"
    sling:resourceType="cq/gui/components/authoring/dialog"
    extraClientlibs="[core.wcm.components.image.v3.editor,core.wcm.components.commons.editor.dialog.pageimagethumbnail.v1]">
    <content
        jcr:primaryType="nt:unstructured"
        sling:resourceType="granite/ui/components/coral/foundation/container"
        granite:class="cmp-image__editor">
        <items jcr:primaryType="nt:unstructured">
            <tabs
                jcr:primaryType="nt:unstructured"
                sling:resourceType="granite/ui/components/coral/foundation/tabs"
                maximized="{Boolean}true">
                <items jcr:primaryType="nt:unstructured">
                    <asset
                        jcr:primaryType="nt:unstructured"
                        jcr:title="Asset"
                        sling:resourceType="granite/ui/components/coral/foundation/container"
                        margin="{Boolean}true">
                        <items jcr:primaryType="nt:unstructured">
                            <columns
                                jcr:primaryType="nt:unstructured"
                                sling:resourceType="granite/ui/components/coral/foundation/fixedcolumns"
                                margin="{Boolean}true">
                                <items jcr:primaryType="nt:unstructured">
                                    <column
                                        jcr:primaryType="nt:unstructured"
                                        sling:resourceType="granite/ui/components/coral/foundation/container">
                                        <items jcr:primaryType="nt:unstructured">
                                            <imageFromPageImage
												sling:orderBefore="alternativeGroup"
                                                jcr:primaryType="nt:unstructured"
                                                sling:resourceType="granite/ui/components/coral/foundation/form/checkbox"
                                                checked="{Boolean}false"
                                                fieldDescription="Use the featured image defined in the properties of the linked page, or in the properties of the current page when no link is defined."
                                                name="./imageFromPageImage"
                                                text="Inherit featured image from page"
                                                uncheckedValue="{Boolean}false"
                                                value="{Boolean}true"/>
                                            <pageImageThumbnail
                                                jcr:primaryType="nt:unstructured"
                                                sling:resourceType="core/wcm/components/commons/editor/dialog/pageimagethumbnail/v1/pageimagethumbnail"/>
                                            <file
                                                granite:class="cmp-image__editor-file-upload"
                                                jcr:primaryType="nt:unstructured"
                                                sling:resourceType="cq/gui/components/authoring/dialog/fileupload"
                                                class="cq-droptarget"
                                                fileNameParameter="./fileName"
                                                fileReferenceParameter="./fileReference"
                                                mimeTypes="[image/gif,image/jpeg,image/png,image/webp,image/tiff,image/svg+xml,image/bmp]"
                                                name="./file"/>
											<alternativeGroup
												jcr:primaryType="nt:unstructured"
												sling:resourceType="granite/ui/components/coral/foundation/well"
												granite:class="cmp-image__editor-alt">
												<items jcr:primaryType="nt:unstructured">
													<altValueFromPageImage
														jcr:primaryType="nt:unstructured"
														sling:resourceType="granite/ui/components/coral/foundation/form/checkbox"
														checked="{Boolean}false"
														fieldDescription="Use the description defined on the referenced asset, or the alternative text defined in the page properties."
														name="./altValueFromPageImage"
														text="Inherit alternative text from page"
														uncheckedValue="{Boolean}false"
														value="{Boolean}true" />
													<altValueFromDAM
														jcr:primaryType="nt:unstructured"
														sling:resourceType="granite/ui/components/coral/foundation/form/checkbox"
														checked="{Boolean}false"
														fieldDescription="When checked, populate the image's alt attribute with the value of the dc:description metadata in DAM."
														name="./altValueFromDAM"
														text="Inherit from description of asset"
														uncheckedValue="{Boolean}false"
														value="{Boolean}true" />
												</items>
											</alternativeGroup>
                                        </items>
                                    </column>
                                </items>
                            </columns>
                        </items>
                    </asset>
					<metadata
                        jcr:primaryType="nt:unstructured"
                        jcr:title="Metadata"
                        sling:resourceType="granite/ui/components/coral/foundation/container"
                        margin="{Boolean}true">
                        <items jcr:primaryType="nt:unstructured">
                            <columns
                                jcr:primaryType="nt:unstructured"
                                sling:resourceType="granite/ui/components/coral/foundation/fixedcolumns"
                                margin="{Boolean}true">
                                <items jcr:primaryType="nt:unstructured">
                                    <column
                                        jcr:primaryType="nt:unstructured"
                                        sling:resourceType="granite/ui/components/coral/foundation/container">
                                        <items jcr:primaryType="nt:unstructured">
											<captionGroup
                                                jcr:primaryType="nt:unstructured"
                                                sling:resourceType="granite/ui/components/coral/foundation/well">
                                                <items jcr:primaryType="nt:unstructured">
													<caption
														jcr:primaryType="nt:unstructured"
														sling:resourceType="granite/ui/components/coral/foundation/form/textfield"
														fieldDescription="Additional information about the image."
														fieldLabel="Title"
														name="./jcr:title"/>
													<titleValueFromDAM
														jcr:primaryType="nt:unstructured"
														sling:resourceType="granite/ui/components/coral/foundation/form/checkbox"
														checked="{Boolean}false"
														fieldDescription="When checked, populate the image's title with the value of the dc:title metadata in DAM."
														name="./titleValueFromDAM"
														text="Get caption from DAM"
														uncheckedValue="{Boolean}false"
														value="{Boolean}true"/>
													<displayPopupTitle
														jcr:primaryType="nt:unstructured"
														sling:resourceType="granite/ui/components/coral/foundation/form/checkbox"
														checked="{Boolean}true"
														fieldDescription="When checked, the caption won't be displayed below the image, but as a pop-up displayed by some browsers when hovering over the image."
														name="./displayPopupTitle"
														text="Display caption as pop-up"
														uncheckedValue="{Boolean}false"
														value="{Boolean}true"/>
                                                </items>
                                            </captionGroup>
											<link
                                                jcr:primaryType="nt:unstructured"
                                                sling:resourceType="granite/ui/components/coral/foundation/container"
                                                granite:class="">
                                                <items jcr:primaryType="nt:unstructured">
                                                    <link
														jcr:primaryType="nt:unstructured"
														jcr:title="Link Editor"
														sling:resourceType="granite/ui/components/coral/foundation/container"
														margin="{Boolean}true">
														<items jcr:primaryType="nt:unstructured">
															<url
																jcr:primaryType="nt:unstructured"
																sling:resourceType="granite/ui/components/coral/foundation/form/pathfield"
																fieldDescription="Link to a content page, external URL or page anchor."
																fieldLabel="Link"
																name="./linkURL"
																rootPath="/content">
															</url>
															<target
																jcr:primaryType="nt:unstructured"
																sling:resourceType="granite/ui/components/coral/foundation/form/checkbox"
																fieldDescription="If checked the link will be opened in a new browser tab."
																name="./linkTarget"
																text="Open link in new tab"
																uncheckedValue="_self"
																value="_blank">
															</target>
														</items>
													</link>
                                                </items>
                                            </link>
                                        </items>
                                    </column>
                                </items>
                            </columns>
                        </items>
                    </metadata>
                </items>
            </tabs>
        </items>
    </content>
</jcr:root>
