<?xml version="1.0" encoding="UTF-8"?>
<jcr:root xmlns:sling="http://sling.apache.org/jcr/sling/1.0" xmlns:cq="http://www.day.com/jcr/cq/1.0" xmlns:jcr="http://www.jcp.org/jcr/1.0" xmlns:nt="http://www.jcp.org/jcr/nt/1.0"
    jcr:primaryType="nt:unstructured"
    jcr:title="Side Highlights"
    sling:resourceType="cq/gui/components/authoring/dialog">
    <content
        jcr:primaryType="nt:unstructured"
        sling:resourceType="granite/ui/components/coral/foundation/container">
        <items jcr:primaryType="nt:unstructured">
            <tabs
                jcr:primaryType="nt:unstructured"
                sling:resourceType="granite/ui/components/coral/foundation/tabs"
                maximized="{Boolean}true">
                <items jcr:primaryType="nt:unstructured">
                    <properties
                        jcr:primaryType="nt:unstructured"
                        jcr:title="Properties"
                        sling:resourceType="granite/ui/components/coral/foundation/container"
                        margin="{Boolean}true">
                        <items jcr:primaryType="nt:unstructured">
                            <columns
                                jcr:primaryType="nt:unstructured"
                                sling:resourceType="granite/ui/components/coral/foundation/fixedcolumns"
                                margin="{Boolean}true">
                                <items jcr:primaryType="nt:unstructured">
                                    <column
                                        jcr:primaryType="nt:unstructured"
                                        sling:resourceType="granite/ui/components/coral/foundation/container">
                                        <items jcr:primaryType="nt:unstructured">
                                            <title
                                                jcr:primaryType="nt:unstructured"
                                                sling:resourceType="granite/ui/components/coral/foundation/form/textfield"
                                                fieldLabel="Title"
                                                emptyText="Title"
                                                name="./title"
                                                required="{Boolean}true"/>
											<resultsType
												fieldLabel="Results Type"
												name="./resultsType"
												jcr:primaryType="nt:unstructured"
												sling:resourceType="granite/ui/components/coral/foundation/form/select"
												required="{Boolean}true">
												<items jcr:primaryType="nt:unstructured">
													<newness
														text="Newness"
														value="newness"
														jcr:primaryType="nt:unstructured"/>
													<featured
														selected="{Boolean}true"
														text="Featured"
														value="featured"
														jcr:primaryType="nt:unstructured"/>
												</items>
											</resultsType>
                                            <basePath
                                                jcr:primaryType="nt:unstructured"
                                                sling:resourceType="granite/ui/components/coral/foundation/form/pathfield"
                                                fieldLabel="Base Path"
                                                name="./basePath"
                                                rootPath="/content"
                                                useFixedInlineToolbar="{Boolean}true"
                                                required="{Boolean}true"/>
                                            <baseTag
												jcr:primaryType="nt:unstructured"
												sling:resourceType="cq/gui/components/coral/common/form/tagfield"
												fieldLabel="Tag"
												multiple="{Boolean}false"
												name="./baseTag"
                                                required="{Boolean}true"/>
                                            <sortby
                                                jcr:primaryType="nt:unstructured"
                                                sling:resourceType="granite/ui/components/coral/foundation/form/select"
                                                fieldLabel="Sort by"
                                                name="./sortAttribute">
                                                <items jcr:primaryType="nt:unstructured">
                                                    <title
														selected="{Boolean}true"
                                                        jcr:primaryType="nt:unstructured"
                                                        text="Title"
                                                        value="title"/>
                                                    <date
                                                        jcr:primaryType="nt:unstructured"
                                                        text="Date"
                                                        value="date"/>
                                                </items>
                                            </sortby>
                                            <sortorder
                                                jcr:primaryType="nt:unstructured"
                                                sling:resourceType="granite/ui/components/coral/foundation/form/select"
                                                fieldLabel="Order by"
                                                name="./sortOrder">
                                                <items jcr:primaryType="nt:unstructured">
                                                    <asc
														selected="{Boolean}true"
                                                        jcr:primaryType="nt:unstructured"
                                                        text="ASC"
                                                        value="asc"/>
                                                    <desc
                                                        jcr:primaryType="nt:unstructured"
                                                        text="DESC"
                                                        value="desc"/>
                                                </items>
                                            </sortorder>
                                        </items>
                                    </column>
                                </items>
                            </columns>
                        </items>
                    </properties>
                </items>
            </tabs>
        </items>
    </content>
</jcr:root>
