<?xml version="1.0" encoding="UTF-8"?>
<jcr:root xmlns:sling="http://sling.apache.org/jcr/sling/1.0" xmlns:granite="http://www.adobe.com/jcr/granite/1.0" xmlns:cq="http://www.day.com/jcr/cq/1.0" xmlns:jcr="http://www.jcp.org/jcr/1.0" xmlns:nt="http://www.jcp.org/jcr/nt/1.0"
	jcr:primaryType="nt:unstructured"
	jcr:title="Calendar Search"
	sling:resourceType="cq/gui/components/authoring/dialog">
	<content
		jcr:primaryType="nt:unstructured"
		sling:resourceType="granite/ui/components/coral/foundation/container">
		<items jcr:primaryType="nt:unstructured">
			<tabs
				jcr:primaryType="nt:unstructured"
				sling:resourceType="granite/ui/components/coral/foundation/tabs"
				maximized="{Boolean}true">
                <items jcr:primaryType="nt:unstructured">
					<properties
						jcr:primaryType="nt:unstructured"
						jcr:title="Properties"
						sling:resourceType="granite/ui/components/coral/foundation/container"
						margin="{Boolean}true">
						<items jcr:primaryType="nt:unstructured">
							<columns
								jcr:primaryType="nt:unstructured"
								sling:resourceType="granite/ui/components/coral/foundation/fixedcolumns"
								margin="{Boolean}true">
								<items jcr:primaryType="nt:unstructured">
									<column
										jcr:primaryType="nt:unstructured"
										sling:resourceType="granite/ui/components/coral/foundation/container">
										<items jcr:primaryType="nt:unstructured">
											<title
												jcr:primaryType="nt:unstructured"
												sling:resourceType="granite/ui/components/coral/foundation/form/textfield"
												fieldLabel="Title"
												name="./title"
                                                required="{Boolean}true" />
											<startDate
												jcr:primaryType="nt:unstructured"
												sling:resourceType="granite/ui/components/coral/foundation/form/datepicker"
												displayTimezoneMessage="{Boolean}true"
												displayedFormat="DD/MM/YYYY"
												valueFormat="YYYY-MM-DD"
												fieldLabel="Start Date"
												name="./startDate"
												type="date"/>
											<searchButtonLabel
												jcr:primaryType="nt:unstructured"
												sling:resourceType="granite/ui/components/coral/foundation/form/textfield"
												fieldLabel="Search Button Label"
												name="./searchButtonLabel"/>
											<resultsPerPage
												jcr:primaryType="nt:unstructured"
												sling:resourceType="granite/ui/components/coral/foundation/form/numberfield"
												fieldLabel="Results Per Page"
												min="1"
												step="1"
												name="./resultsPerPage"/>
											<resultsOrdering
												jcr:primaryType="nt:unstructured"
												fieldLabel="Ordering"
												name="./resultsOrdering"
												sling:resourceType="granite/ui/components/coral/foundation/form/select">
												<items jcr:primaryType="nt:unstructured">
													<asc
														selected="{Boolean}true"
														text="ASC"
														value="asc"
														jcr:primaryType="nt:unstructured"/>
													<desc
														text="DESC"
														value="desc"
														jcr:primaryType="nt:unstructured"/>
												</items>
											</resultsOrdering>
											<orderByRole
												jcr:primaryType="nt:unstructured"
												sling:resourceType="granite/ui/components/coral/foundation/form/checkbox"
												checked="${false}"
												fieldDescription="If selected, will order results by role. Within each role, results will still be ordered by date."
												name="./orderByRole"
												text="Order by role"
												uncheckedValue="false"
												value="{Boolean}true"/>
											<basePath
												jcr:primaryType="nt:unstructured"
												sling:resourceType="granite/ui/components/coral/foundation/form/pathfield"
												fieldLabel="Base Path"
												required="{Boolean}true"
												name="./basePath"
												rootPath="/content"
												useFixedInlineToolbar="{Boolean}true"/>
											<baseTag
												jcr:primaryType="nt:unstructured"
												sling:resourceType="cq/gui/components/coral/common/form/tagfield"
												allowBulkEdit="{Boolean}true"
												autocreateTag="{Boolean}true"
												fieldLabel="Base Tag"
												multiple="{Boolean}true"
												name="./baseTag">
												<granite:data
													jcr:primaryType="nt:unstructured"
													cq-msm-lockable="cq:tags"/>
											</baseTag>
											<hidePagination
												jcr:primaryType="nt:unstructured"
												sling:resourceType="granite/ui/components/coral/foundation/form/checkbox"
												checked="${false}"
												fieldDescription="To choose if the pagination should be hide."
												name="./hidePagination"
												text="Hide Pagination"
												uncheckedValue="false"
												value="{Boolean}true"/>
											<hideSearchItems
												jcr:primaryType="nt:unstructured"
												sling:resourceType="granite/ui/components/coral/foundation/form/checkbox"
												checked="${false}"
												fieldDescription="Choose to hide search items."
												name="./hideSearchItems"
												text="Hide search items"
												uncheckedValue="false"
												value="{Boolean}true"/>
											<showAllSearchItems
												jcr:primaryType="nt:unstructured"
												sling:resourceType="granite/ui/components/coral/foundation/form/checkbox"
												checked="${false}"
												fieldDescription="Choose to show all search items, otherwise it will show only the current date events"
												name="./showAllSearchItems"
												text="Show all search items"
												uncheckedValue="false"
												value="{Boolean}true"/>
											<showDateYear
												jcr:primaryType="nt:unstructured"
												sling:resourceType="granite/ui/components/coral/foundation/form/checkbox"
												checked="${false}"
												fieldDescription="Choose to show the year date in the format YYYY"
												name="./showDateYear"
												text="Show the year date"
												uncheckedValue="false"
												value="{Boolean}true"/>
                                        </items>
                                    </column>
                                </items>
                            </columns>
                        </items>
                    </properties>
                </items>
            </tabs>
		</items>
	</content>
</jcr:root>
