<?xml version="1.0" encoding="UTF-8"?>
<jcr:root xmlns:sling="http://sling.apache.org/jcr/sling/1.0" xmlns:granite="http://www.adobe.com/jcr/granite/1.0" xmlns:cq="http://www.day.com/jcr/cq/1.0" xmlns:jcr="http://www.jcp.org/jcr/1.0" xmlns:nt="http://www.jcp.org/jcr/nt/1.0"
	jcr:primaryType="nt:unstructured"
	jcr:title="Wetlands"
	sling:resourceType="cq/gui/components/authoring/dialog">
	<content
		jcr:primaryType="nt:unstructured"
		sling:resourceType="granite/ui/components/coral/foundation/container">
		<items jcr:primaryType="nt:unstructured">
			<tabs
				jcr:primaryType="nt:unstructured"
				sling:resourceType="granite/ui/components/coral/foundation/tabs"
				maximized="{Boolean}true">
                <items jcr:primaryType="nt:unstructured">
					<properties
						jcr:primaryType="nt:unstructured"
						jcr:title="Properties"
						sling:resourceType="granite/ui/components/coral/foundation/container"
						margin="{Boolean}true">
						<items jcr:primaryType="nt:unstructured">
							<columns
								jcr:primaryType="nt:unstructured"
								sling:resourceType="granite/ui/components/coral/foundation/fixedcolumns"
								margin="{Boolean}true">
								<items jcr:primaryType="nt:unstructured">
									<column
										jcr:primaryType="nt:unstructured"
										sling:resourceType="granite/ui/components/coral/foundation/container">
										<items jcr:primaryType="nt:unstructured">
											<community
												jcr:primaryType="nt:unstructured"
												sling:resourceType="cq/gui/components/coral/common/form/tagfield"
												allowBulkEdit="{Boolean}true"
												autocreateTag="{Boolean}true"
												fieldLabel="Community"
												name="./community"
												required="{Boolean}true"
											/>
											<province
												jcr:primaryType="nt:unstructured"
												sling:resourceType="cq/gui/components/coral/common/form/tagfield"
												allowBulkEdit="{Boolean}true"
												autocreateTag="{Boolean}true"
												fieldLabel="Province"
												name="./province"
												required="{Boolean}true"
											/>
                                            <name
												jcr:primaryType="nt:unstructured"
												sling:resourceType="granite/ui/components/coral/foundation/form/textfield"
												fieldLabel="Name"
												name="./name"
												required="{Boolean}true"
											/>
                                            <code
												fieldDescription="Please enter the code."
												fieldLabel="Code"
												name="./code"
												jcr:primaryType="nt:unstructured"
												sling:resourceType="granite/ui/components/coral/foundation/form/numberfield"
												required="{Boolean}true"
											/>
											<map
												jcr:primaryType="nt:unstructured"
												sling:resourceType="granite/ui/components/coral/foundation/form/pathfield"
												fieldLabel="Map"
												name="./map"
												rootPath="/content"
												useFixedInlineToolbar="{Boolean}true"/>
											<file
												jcr:primaryType="nt:unstructured"
												sling:resourceType="granite/ui/components/coral/foundation/form/pathfield"
												fieldLabel="File"
												name="./file"
												rootPath="/content"
												useFixedInlineToolbar="{Boolean}true"/>
                                        </items>
                                    </column>
                                </items>
                            </columns>
                        </items>
                    </properties>
					<boe
						jcr:primaryType="nt:unstructured"
						jcr:title="BOE"
						sling:resourceType="granite/ui/components/coral/foundation/container"
						margin="{Boolean}true">
						<items jcr:primaryType="nt:unstructured">
							<columns
								jcr:primaryType="nt:unstructured"
								sling:resourceType="granite/ui/components/coral/foundation/fixedcolumns"
								margin="{Boolean}true">
								<items jcr:primaryType="nt:unstructured">
									<column
										jcr:primaryType="nt:unstructured"
										sling:resourceType="granite/ui/components/coral/foundation/container">
										<items jcr:primaryType="nt:unstructured">
											<boe
												jcr:primaryType="nt:unstructured"
												jcr:title="BOE"
												sling:resourceType="/libs/granite/ui/components/coral/foundation/form/multifield"
												composite="{Boolean}true"
												fieldLabel="BOE">
												<field
													jcr:primaryType="nt:unstructured"
													sling:resourceType="granite/ui/components/coral/foundation/container"
													name="./itemsBoe">
													<items jcr:primaryType="nt:unstructured">
														<well
															jcr:primaryType="nt:unstructured"
															sling:resourceType="granite/ui/components/coral/foundation/well">
															<items jcr:primaryType="nt:unstructured">
																<column
																	jcr:primaryType="nt:unstructured"
																	sling:resourceType="granite/ui/components/coral/foundation/container">
																	<items jcr:primaryType="nt:unstructured">
																		<boePath
																			jcr:primaryType="nt:unstructured"
																			sling:resourceType="granite/ui/components/coral/foundation/form/pathfield"
																			fieldLabel="URL"
																			name="./url"
																			rootPath="/content"
																			useFixedInlineToolbar="{Boolean}true"/>
																		<boeTitle
																			jcr:primaryType="nt:unstructured"
																			sling:resourceType="granite/ui/components/coral/foundation/form/textfield"
																			fieldLabel="Text"
																			name="./text"
																			required="{Boolean}true"/>
																	</items>
																</column>
															</items>
														</well>
													</items>
												</field>
											</boe>
                                        </items>
                                    </column>
                                </items>
                            </columns>
                        </items>
                    </boe>
					<asset
                        jcr:primaryType="nt:unstructured"
                        jcr:title="Asset"
                        sling:resourceType="granite/ui/components/coral/foundation/container"
                        margin="{Boolean}true">
                        <items jcr:primaryType="nt:unstructured">
                            <columns
                                jcr:primaryType="nt:unstructured"
                                sling:resourceType="granite/ui/components/coral/foundation/fixedcolumns"
                                margin="{Boolean}true">
                                <items jcr:primaryType="nt:unstructured">
                                    <column
                                        jcr:primaryType="nt:unstructured"
                                        sling:resourceType="granite/ui/components/coral/foundation/container">
                                        <items jcr:primaryType="nt:unstructured">
                                            <imageFromPageImage
												sling:orderBefore="alternativeGroup"
                                                jcr:primaryType="nt:unstructured"
                                                sling:resourceType="granite/ui/components/coral/foundation/form/checkbox"
                                                checked="{Boolean}false"
                                                fieldDescription="Use the featured image defined in the properties of the linked page, or in the properties of the current page when no link is defined."
                                                name="./imageFromPageImage"
                                                text="Inherit featured image from page"
                                                uncheckedValue="{Boolean}false"
                                                value="{Boolean}true"/>
											<pageImageThumbnail
                                                jcr:primaryType="nt:unstructured"
                                                sling:resourceType="core/wcm/components/commons/editor/dialog/pageimagethumbnail/v1/pageimagethumbnail"/>
                                            <file
                                                granite:class="cmp-image__editor-file-upload"
                                                jcr:primaryType="nt:unstructured"
                                                sling:resourceType="cq/gui/components/authoring/dialog/fileupload"
                                                class="cq-droptarget"
                                                fileNameParameter="./fileName"
                                                fileReferenceParameter="./fileReference"
                                                mimeTypes="[image/gif,image/jpeg,image/png,image/webp,image/tiff,image/svg+xml,image/bmp]"
                                                name="./file"/>
											<alternativeGroup
												jcr:primaryType="nt:unstructured"
												sling:resourceType="granite/ui/components/coral/foundation/well"
												granite:class="cmp-image__editor-alt">
												<items jcr:primaryType="nt:unstructured">
													<altValueFromPageImage
														jcr:primaryType="nt:unstructured"
														sling:resourceType="granite/ui/components/coral/foundation/form/checkbox"
														checked="{Boolean}false"
														fieldDescription="Use the description defined on the referenced asset, or the alternative text defined in the page properties."
														name="./altValueFromPageImage"
														text="Inherit alternative text from page"
														uncheckedValue="{Boolean}false"
														value="{Boolean}true" />
													<altValueFromDAM
														jcr:primaryType="nt:unstructured"
														sling:resourceType="granite/ui/components/coral/foundation/form/checkbox"
														checked="{Boolean}false"
														fieldDescription="When checked, populate the image's alt attribute with the value of the dc:description metadata in DAM."
														name="./altValueFromDAM"
														text="Inherit from description of asset"
														uncheckedValue="{Boolean}false"
														value="{Boolean}true" />
												</items>
											</alternativeGroup>
                                        </items>
                                    </column>
                                </items>
                            </columns>
                        </items>
                    </asset>
					<metadata
                        jcr:primaryType="nt:unstructured"
                        jcr:title="Metadata"
                        sling:resourceType="granite/ui/components/coral/foundation/container"
                        margin="{Boolean}true">
                        <items jcr:primaryType="nt:unstructured">
                            <columns
                                jcr:primaryType="nt:unstructured"
                                sling:resourceType="granite/ui/components/coral/foundation/fixedcolumns"
                                margin="{Boolean}true">
                                <items jcr:primaryType="nt:unstructured">
                                    <column
                                        jcr:primaryType="nt:unstructured"
                                        sling:resourceType="granite/ui/components/coral/foundation/container">
                                        <items
											jcr:primaryType="nt:unstructured"
											sling:hideChildren="[link]">
											<captionGroup
                                                jcr:primaryType="nt:unstructured"
                                                sling:resourceType="granite/ui/components/coral/foundation/well">
                                                <items jcr:primaryType="nt:unstructured">
													<caption
														jcr:primaryType="nt:unstructured"
														sling:resourceType="granite/ui/components/coral/foundation/form/textfield"
														fieldDescription="Additional information about the image."
														fieldLabel="Title"
														name="./jcr:title"/>
													<titleValueFromDAM
														jcr:primaryType="nt:unstructured"
														sling:resourceType="granite/ui/components/coral/foundation/form/checkbox"
														checked="{Boolean}false"
														fieldDescription="When checked, populate the image's title with the value of the dc:title metadata in DAM."
														name="./titleValueFromDAM"
														text="Get caption from DAM"
														uncheckedValue="{Boolean}false"
														value="{Boolean}true"/>
													<displayPopupTitle
														jcr:primaryType="nt:unstructured"
														sling:resourceType="granite/ui/components/coral/foundation/form/checkbox"
														checked="{Boolean}true"
														fieldDescription="When checked, the caption won't be displayed below the image, but as a pop-up displayed by some browsers when hovering over the image."
														name="./displayPopupTitle"
														text="Display caption as pop-up"
														uncheckedValue="{Boolean}false"
														value="{Boolean}true"/>
                                                </items>
                                            </captionGroup>
                                        </items>
                                    </column>
                                </items>
                            </columns>
                        </items>
                    </metadata>
                </items>
            </tabs>
		</items>
	</content>
</jcr:root>
